regine_area;main_no;point_no;param_key;version_no_end;station_name;latitude;longitude;utm_east_z33;utm_north_z33
1;48;0;1001;1;Ørje;59,48267365;11,65055561;310319;6598578
1;49;0;1001;1;Brekke;59,1476326;11,55638409;303060;6561574
1;50;0;1001;2;Tistedalsfoss;59,12735367;11,44301224;296460;6559658
1;56;0;1001;1;Verket;59,71277618;11,55492687;306236;6624457
2;1;0;1001;1;Hådammen;61,05477142;12,02073479;339180;6772548
2;2;0;1001;2;Nor;60,34104156;12,04530525;336930;6693048
2;10;0;1001;1;Sogna;60,16962433;11,06362534;281650;6676813
2;11;0;1001;0;Narsjø;62,36131668;11,47878265;317821;6919394
2;12;0;1001;0;Nedre Sjodalsvatn;61,54837418;8,93450737;177943;6838879
2;13;0;1001;0;Nedre Sjodalsvatn;61,56027222;8,927066803;177672;6840237
2;15;0;1001;0;Breiddalsvatn ndf.;62,00504303;7,637489796;115031;6896625
2;20;0;1001;1;Kittilstad;61,89695358;8,22781086;144556;6881262
2;21;0;1001;0;Visa;61,74880981;8,403853416;152096;6863867
2;25;0;1001;0;Lalm;61,81748199;9,27394104;198571;6867140
2;27;0;1001;0;Aulestad;61,21560287;10,27089405;246113;6795993
2;28;0;1001;0;Aulestad;61,21541977;10,26932335;246027;6795979
2;32;0;1001;0;Atnasjø;61,85194016;10,22211933;248696;6866933
2;36;0;1001;1;Øvre Heimdalsvatn;61,41835785;8,894496918;174466;6824639
2;37;0;1001;1;Gardermoen Kulvert;60,19732285;11,07287025;282346;6679863
2;43;0;1001;1;Glomstadfoss;61,07811737;11,36816216;304121;6776925
2;61;0;1001;1;Orva;62,64654922;11,35357475;313143;6951494
2;63;0;1001;0;Rudi;61,55955124;10,05738354;237568;6835077
2;79;0;1001;1;Tessevatn;61,8048439;8,948114395;181322;6867293
2;99;0;1001;0;Hornset;61,79384232;11,15118313;297133;6857222
2;102;0;1001;0;Gjende;61,49501801;8,806900978;170616;6833593
2;111;0;1001;1;Aursunden;62,68219757;11,46358585;318994;6955147
2;112;0;1001;0;Nye Stai;61,46658325;11,04271126;289204;6821158
2;116;0;1001;1;Auma;62,21915436;10,65239716;274044;6906185
2;117;0;1001;1;Stai;61,49635315;11,05509186;290064;6824430
2;118;0;1001;2;Rena;61,12738419;11,37125587;304593;6782398
2;119;0;1001;0;Elverum;60,87969971;11,55556297;313060;6754299
2;122;0;1001;0;Skarnes;60,25431442;11,67747021;316154;6684364
2;126;0;1001;0;Langnes;59,60916519;11,11806202;281008;6614289
2;129;0;1001;1;Dølplass;62,19223022;10,45106506;263382;6903910
2;130;0;1001;0;Atna bru;61,85002518;10,23534393;249375;6866669
2;131;0;1001;1;Atnasjø;61,8501358;10,22299671;248727;6866729
2;132;0;1001;0;Lomnessjø;61,73286819;11,20183754;299404;6850281
2;134;0;1001;1;Storsjø ovf.;61,39334869;11,36517239;305914;6812009
2;135;0;1001;0;Tysla;61,93176651;11,057971;293157;6872861
2;142;0;1001;1;Knappom;60,6411705;12,04712486;338530;6726448
2;145;0;1001;1;Losna;61,33338547;10,27753162;247417;6809063
2;150;0;1001;0;Lalm;61,81669998;9,273649216;198548;6867055
2;153;0;1001;0;Aura;61,89265442;8,351590157;150987;6880112
2;165;0;1001;1;Bygdin ndf.;61,3273468;8,812397957;169136;6814947
2;167;0;1001;1;Vinsteren;61,32453537;8,83217907;170162;6814534
2;168;0;1001;1;Nedre Bjørnhølen;61,35509872;9,074456215;183402;6816727
2;172;0;1001;1;Olstappen;61,50048065;9,404658318;202403;6831320
2;197;0;1001;1;Ertesekken ndf.;60,20104218;11,37318897;299002;6679325
2;205;0;1001;2;Mesna ndf.;61,11790848;10,58174133;262047;6783960
2;205;0;1055;1;Mesna ndf.;61,11790848;10,58174133;262047;6783960
2;209;0;1001;0;Einavatn ndf.;60,64337158;10,59740543;259340;6731130
2;213;0;1001;1;Kvisla Bruk;60,96674347;10,77375221;271291;6766463
2;219;0;1001;1;Rokoelv;60,79098511;11,39779377;303960;6744888
2;222;0;1001;0;Narsjø;62,35918045;11,47280788;317500;6919173
2;223;0;1001;1;Fredriksvatn;61,94608307;7,982604027;132313;6888081
2;224;0;1001;0;Harpefoss;61,58098221;9,841317177;226301;6838350
2;224;0;1055;1;Harpefoss;61,58098221;9,841317177;226301;6838350
2;226;0;1001;1;Erlibru;62,42559052;11,09182453;298251;6927695
2;227;0;1001;1;Barkaldfoss;61,98016739;10,896348;285025;6878771
2;229;0;1001;1;Savalen ndf.;62,23141861;10,5222187;267381;6908010
2;232;0;1001;0;Elveseter;61,7024498;8,283732414;145243;6859372
2;233;0;1001;2;Mariholtputten;59,89325714;10,90073109;270713;6646624
2;235;0;1001;1;Grimsmoen;62,11970901;10,06900597;242921;6897303
2;238;0;1001;1;Rauddalsvatn ndf.;61,92034912;7,825314045;123779;6886129
2;243;0;1001;0;Moksa;61,31925583;10,29983997;248496;6807406
2;244;0;1001;1;Koloen;61,68042755;9,521855354;210312;6850785
2;251;0;1001;1;Kveberg bru;62,0777092;10,69256783;275082;6890312
2;265;0;1001;1;Unsetåa;61,94610977;11,08351231;294592;6874376
2;267;0;1001;1;Mistra bru;61,71111679;11,24189377;301378;6847738
2;268;0;1001;0;Akslen;61,7995491;8,447217941;154948;6869267
2;269;0;1001;1;Hummelvoll;62,44805527;11,12053394;299882;6930105
2;270;0;1001;1;Osflaten;62,4969902;11,20750237;304684;6935284
2;273;0;1001;1;Ryfetten;62,16821289;10,19262028;249758;6902211
2;274;0;1001;1;Einunna;62,23236847;10,34331322;258106;6908772
2;275;0;1001;1;Liavatn;61,85414886;7,76287508;119692;6879152
2;276;0;1001;1;Furusjøen;61,78904343;9,721846581;221853;6861981
2;279;0;1001;1;Kråkfoss;60,13344574;11,08010387;282324;6672734
2;280;0;1001;1;Kringlerdal;60,23630905;10,99043655;278045;6684475
2;281;0;1001;1;Risa;60,23882294;11,17316914;288168;6684153
2;284;0;1001;1;Sælatunga;61,88428497;9,061225891;188075;6875566
2;287;0;1001;1;Rotua;60,20543671;10,94706059;275434;6681187
2;288;0;1001;1;Harasjøen;60,65460205;11,38947582;302673;6729739
2;289;0;1001;1;Høydalsvatn;61,66875839;8,124903679;136479;6856512
2;290;0;1001;1;Brustuen;61,72623062;8,296029091;146164;6861944
2;291;0;1001;1;Tora;62,00772095;7,866355896;126995;6895583
2;292;0;1001;2;Skjøli;61,86008072;8,285395622;147145;6876855
2;294;0;1001;0;Visa;61,74880219;8,401960373;151997;6863876
2;295;0;1001;1;Tundra;61,90432739;8,043949127;135020;6883102
2;298;0;1001;1;Russa;61,57555008;8,92317009;177625;6841953
2;299;0;1001;1;Sulheim;61,76496887;8,403540611;152262;6865662
2;300;0;1001;1;Bøvertjern;61,65668488;8,131854057;136703;6855133
2;301;0;1001;1;Runningen;61,72536087;8,286985397;145678;6861896
2;302;0;1001;1;Øvre Visa;61,66184235;8,430077553;152497;6854074
2;303;0;1001;1;Dombås;62,0871315;9,10184288;192259;6897902
2;304;0;1001;1;Jora;62,13482666;8,998447418;187368;6903694
2;310;0;1001;1;Kverndalen;60,15066528;11,15415859;286545;6674408
2;315;0;1001;0;Kuggerudåa;60,35773468;11,73854065;320101;6695704
2;316;0;1001;1;Bruvoll;60,43875504;11,50175858;307527;6705389
2;318;0;1001;1;Transjøen;60,20817566;11,13897896;286078;6680854
2;322;0;1001;1;Strøm Sag;60,07683182;10,88734531;271237;6667088
2;323;0;1001;1;Fura;60,88483429;11,32495689;300585;6755550
2;324;0;1001;1;Storøygardsbrua;61,69407654;9,471046448;207759;6852529
2;328;0;1001;1;Fundin ndf.;62,32356644;9,91656208;236768;6920578
2;329;0;1001;1;Hellen bru;60,08914566;11,04089642;279853;6667936
2;331;0;1001;0;Kauserud;60,08368683;11,26531029;292288;6666602
2;333;0;1001;1;Eriksvann ndf.;59,83849716;10,92973137;271959;6640433
2;339;0;1001;1;Høyegga ndf.;62,01948166;10,82309914;281473;6883389
2;341;0;1001;1;Feragen ndf.;62,48458862;11,84329796;337340;6932141
2;344;0;1001;0;Løpet kraftstasjon;61,16356659;11,45764446;309460;6786169
2;344;0;1055;1;Løpet kraftstasjon;61,16356659;11,45764446;309460;6786169
2;347;0;1001;1;Røstefoss;62,50775146;11,26462936;307693;6936310
2;347;0;1055;1;Røstefoss;62,50775146;11,26462936;307693;6936310
2;352;0;1001;1;Hyllingen;62,69226074;11,92188072;342490;6955063
2;353;0;1001;1;Rien;62,71918488;11,87953186;340470;6958164
2;354;0;1001;1;Feragen;62,48536682;11,84919643;337648;6932213
2;377;0;1001;0;Einunna overføring;62,22877884;10,343153;258069;6908373
2;378;0;1001;1;Heimdalsoset;61,44618607;9,107247353;186067;6826686
2;379;0;1001;2;Savalen;62,23283005;10,52063465;267310;6908172
2;393;0;1001;0;Norsfoss;60,33902359;12,03551674;336380;6692848
2;396;0;1001;1;Elgsjø ndf.;62,36133957;9,800291061;231095;6925255
2;398;0;1001;2;Marsjø ndf.;62,34174728;10,0469408;243665;6922075
2;400;0;1001;1;Osfallet kraftstasjon;61,20307541;11,507267;312362;6790421
2;410;0;1001;1;Funnefoss overvann;60,16689682;11,53153038;307571;6675053
2;412;0;1055;1;Funnefoss kraftverk;60,16693115;11,52972984;307472;6675062
2;413;0;1001;1;Stokkelva;60,88483429;10,65998745;264536;6757756
2;415;0;1001;1;Espedalsvatn;61,43769073;9,49435997;206575;6823937
2;416;0;1001;1;Vågåvatn;61,8578186;8,956082344;182290;6873137
2;419;0;1001;1;Skreia;60,64776611;10,9215641;277074;6730475
2;429;0;1001;0;Rånåsfoss;60,0279007;11,32252121;295122;6660217
2;429;0;1055;1;Rånåsfoss;60,0279007;11,32252121;295122;6660217
2;431;0;1001;1;Brekke;59,43751144;11,23077297;286277;6594827
2;432;0;1001;1;Stortorp mølle;59,35955429;11,51599884;301986;6585272
2;433;0;1001;1;Vråla;59,44287872;11,28404427;289329;6595254
2;434;0;1001;1;Ofossen;61,88259888;8,313762665;148891;6879200
2;439;0;1001;1;Kvarstadseter;61,17847443;10,89334202;279236;6789603
2;441;0;1001;0;Strandfossen kraftstasjon;60,90936661;11,52532578;311595;6757686
2;441;0;1055;1;Strandfossen kraftstasjon;60,90936661;11,52532578;311595;6757686
2;442;0;1001;0;Skjefstadfoss;60,8310318;11,61056232;315763;6748728
2;442;0;1055;1;Skjefstadfoss;60,8310318;11,61056232;315763;6748728
2;443;0;1001;0;Braskereidfoss kraftstasjon;60,70937347;11,78584194;324622;6734709
2;443;0;1055;1;Braskereidfoss kraftstasjon;60,70937347;11,78584194;324622;6734709
2;444;0;1001;0;Kongsvinger kraftverk;60,2040062;11,89506054;327924;6678179
2;444;0;1055;1;Kongsvinger kraftverk;60,2040062;11,89506054;327924;6678179
2;451;0;1001;1;Nordre Osa;61,41274643;11,74337006;326203;6813101
2;453;0;1001;1;Bingsfoss kraftstasjon;59,9902916;11,26430035;291644;6656215
2;453;0;1055;1;Bingsfoss kraftstasjon;59,9902916;11,26430035;291644;6656215
2;455;0;1001;0;Elveseter;61,68888092;8,264201164;144057;6857973
2;457;0;1001;1;Fossum bru;61,78715515;10,66293144;271374;6858100
2;460;0;1001;1;Eide;61,61397934;9,722481728;220304;6842523
2;461;0;1001;1;Fossen;60,10301971;10,8658886;270227;6670075
2;463;0;1001;1;Vismunda;60,95845413;10,56209469;259786;6766299
2;464;0;1001;1;Svartelva;60,77607346;11,18653393;292375;6743879
2;465;0;1001;1;Flagstadelva;60,81517029;11,10336113;288109;6748494
2;469;0;1001;1;Skvaldra øvre;61,24470901;10,87682247;278815;6797026
2;473;0;1001;1;Frya;61,55195999;10,05676842;237471;6834236
2;474;0;1001;1;Skasåa;60,27379227;12,11288071;340330;6685398
2;479;0;1001;1;Li bru;62,00997543;10,00033092;238403;6885379
2;578;0;1001;1;Søndre Imssjøen;61,54787827;10,66176414;269535;6831491
2;590;0;1001;1;Vikka;60,16850281;11,0778141;282429;6676641
2;592;0;1001;1;Fokstua;62,11199188;9,28989315;202296;6899784
2;595;0;1001;0;Faukstad;61,70960617;9,425173759;205487;6854462
2;601;0;1001;1;Slemdalsbekken 1;60,12237167;11,05879402;281068;6671572
2;603;0;1001;0;Glåmos bru;62,67235184;11,41940117;316673;6954176
2;604;0;1001;0;Elverum;60,87421036;11,56065178;313304;6753674
2;605;0;1001;0;Solbergfoss;59,63733292;11,15354443;283189;6617306
2;605;0;1055;1;Solbergfoss;59,63733292;11,15354443;283189;6617306
2;606;0;1001;0;Andfinds bru;62,1745491;9,430496216;210213;6906096
2;607;0;1001;0;Vålåsjø;62,17457581;9,421855927;209764;6906137
2;609;0;1001;1;Storsjø ndf.;61,39065933;11,36496925;305886;6811710
2;611;0;1001;0;Storsjøen ndf. Øra;61,34148788;11,40269375;307597;6806127
2;612;0;1001;0;Søre Osa;61,24554443;11,72691631;324392;6794537
2;613;0;1001;0;Ossjø ndf.;61,24600983;11,74079132;325139;6794551
2;614;0;1001;0;Rosten;61,85856628;9,404753685;205839;6871105
2;615;0;1001;0;Moksa;61,3161087;10,30017567;248488;6807055
2;616;0;1001;0;Kuggerud;60,35553741;11,73307991;319787;6695475
2;618;0;1001;0;Skreia;60,64907455;10,92438602;277237;6730611
2;619;0;1001;0;Hunselv;60,78861237;10,67062092;264405;6747017
2;626;0;1001;1;Tunna;62,29906464;10,72620964;278465;6914817
2;628;0;1001;1;Torsbekkdalen;59,26921082;11,03022861;273797;6576769
2;630;0;1001;1;Kaldfjord-Øyvatn ndf.;61,35055542;9,283741951;194519;6815224
2;633;0;1001;0;Stortorp;59,35951996;11,51775646;302085;6585263
2;634;0;1001;1;Lena;60,67130661;10,81130505;271220;6733473
2;711;0;1001;1;Djuphølen;62,59517288;11,43299103;316893;6945548
2;1036;0;1001;1;Hæra v/Løkkeborg;59,59277344;11,4011364;296867;6611566
2;1088;0;1001;0;Glomma ved Skogmuseet;60,87000275;11,55723763;313094;6753215
3;11;0;1001;1;Sagstubekken;59,73026657;10,9549408;272635;6628308
3;12;0;1001;1;Kure;59,52848816;10,83980274;264760;6606267
3;13;0;1001;1;Fossli;59,44115067;10,94704914;270227;6596179
3;18;0;1001;1;Mossefossen kraftverk;59,43872452;10,66827965;254419;6596905
3;20;0;1001;1;Rygge Flystasjon;59,38328171;10,78527355;260655;6590313
3;21;0;1001;1;M. Peterson, Moss;59,44003677;10,67098999;254582;6597041
3;22;0;1001;1;Høgfoss;59,55160904;10,8561039;265842;6608781
3;23;0;1001;1;Moss dam ndf.;59,43872452;10,66827965;254419;6596905
5;3;0;1001;1;Gjersjøen ndf.;59,80878067;10,77556515;263119;6637669
5;17;0;1001;1;Rustadskogen;59,67047119;10,81043339;264099;6622163
6;9;0;1001;0;Akerselva, ndf. Maridalsvatn;59,96883011;10,78760242;264927;6655426
6;12;0;1001;0;Vestli;59,96828461;10,91857338;272226;6654907
6;17;0;1001;1;Oppsal;59,89409256;10,83674717;267143;6646940
7;3;0;1001;2;Øraker;59,92427444;10,6246109;255512;6651062
8;2;0;1001;1;Bjørnegårdssvingen;59,89347076;10,50813961;248777;6648073
8;8;0;1001;1;Blomsterkroken;59,90805054;10,56090927;251835;6649495
11;1;0;1001;1;Lierbyen;59,79012299;10,24300671;233139;6637620
11;3;0;1001;1;Glitrevatn ndf.;59,87004471;10,09149837;225309;6647124
11;4;0;1001;2;Elgtjern;59,88941956;10,08319759;225005;6649313
11;5;0;1001;1;Justad;59,85860825;10,21788692;232282;6645335
11;6;0;1001;1;Oppsal;59,84978104;10,24969292;233990;6644225
11;7;0;1001;1;Kjellstad bru;59,77280045;10,26996613;234512;6635586
12;8;0;1001;0;Grønvold bru;60,96960449;10,08833694;234267;6769370
12;9;0;1001;1;Oppsjø bru;60,63720322;8,588292122;149650;6739490
12;13;0;1001;1;Rysna;61,1685257;8,715961456;162288;6797807
12;13;0;1001;2;Rysna;61,1685257;8,715961456;162288;6797807
12;15;0;1001;0;Strømstøa;60,31460571;10,13888168;231601;6696349
12;42;0;1001;1;Hådemshølen;60,95974731;9,303172112;191762;6771718
12;65;0;1001;0;Skjerdal (Tyrifjorden);60,08134842;10,112854;228242;6670525
12;68;0;1001;0;Døvikfoss;59,88805008;9,908034325;215209;6649902
12;69;0;1001;1;Randsfjord;60,24184036;10,37839317;244242;6687307
12;70;0;1001;1;Etna;60,95190048;9,626173973;209139;6769367
12;75;0;1001;1;Vangsmjøsa;61,15854645;8,669595718;159694;6796939
12;76;0;1001;0;Vangsmjøsa ndf.;61,14785004;8,703144073;161379;6795577
12;77;0;1001;2;Slidrefjord;61,03871155;9,044779778;178607;6781732
12;85;0;1001;0;Killingstryken ndf.;60,35186386;10,08581257;228984;6700709
12;88;0;1001;0;Øvre Øyanghølen;61,1997757;8,92592907;173872;6800209
12;91;0;1001;1;Rudi bru;61,07271576;9,113393784;182644;6785174
12;92;0;1001;0;Vindevatn;61,17689133;9,056131363;180618;6797024
12;95;0;1001;1;Ustedalsvatn;60,52527237;8,180508614;126128;6729316
12;96;0;1001;1;Oppsjø;60,63578033;8,583539009;149376;6739357
12;97;0;1001;1;Bergheim;60,47192001;9,231314659;183106;6717868
12;98;0;1001;0;Krøderen;60,12051773;9,784866333;210372;6676274
12;99;0;1001;0;Skålfoss;60,0786705;9,833348274;212697;6671411
12;106;0;1001;0;Vikevatn;59,54532623;10,10043335;223137;6610991
12;109;0;1001;0;Grønvold bru;60,96867752;10,09200001;234457;6769252
12;110;0;1001;1;Ølsjø;60,87321091;9,254469872;188286;6762335
12;111;0;1001;0;Bløytjern dam;60,89469528;9,285968781;190200;6764572
12;113;0;1001;0;Kråkefjord ndf.;60,04320526;9,634025574;201308;6668354
12;114;0;1001;1;Garhammerfoss;60,20689011;10,02328205;224321;6684852
12;117;0;1001;1;Vavatn;60,94726563;8,442897797;145177;6774691
12;118;0;1001;1;Votna;60,68040466;8,302899361;134583;6745842
12;124;0;1001;1;Yljeoset;61,24058151;8,28960228;140254;6808084
12;130;0;1001;1;Flævatn;60,83391953;8,391529083;141130;6762390
12;133;0;1001;1;Mønin bru;60,90598679;9,288502693;190447;6765814
12;134;0;1001;0;Leito Nedre;60,78683853;9,59540081;205960;6751163
12;136;0;1001;1;Tisleifjord ndf.;60,83843613;9,018727303;175167;6759618
12;137;0;1001;1;Gjerdeslåtta;60,78967667;8,726650238;158818;6755688
12;141;0;1001;1;Strandefjord, avløp.;60,61952972;8,535092354;146556;6737813
12;143;0;1001;1;Ruud;60,62390137;8,188479424;127702;6740215
12;144;0;1001;1;Gryte bru;60,6199913;8,108691216;123306;6740237
12;147;0;1001;1;Brautemotjern;60,75539017;8,991155624;172825;6750532
12;150;0;1001;1;Buvatn;60,48611069;8,818804741;160638;6721504
12;154;0;1001;1;Lio;60,86945343;8,40742588;142389;6766247
12;164;0;1001;1;Geilo bru;60,52902985;8,207744598;127660;6729578
12;166;0;1001;1;Nysetervatn;60,54712677;7,755175114;103140;6734237
12;167;0;1001;1;Svenkerud;60,64809036;9,051532745;175023;6738314
12;171;0;1001;1;Hølervatn;60,70962143;9,458990097;197824;6743203
12;174;0;1001;1;Strøen ndf.;60,59845734;9,434897423;195463;6730963
12;178;0;1001;1;Eggedal;60,1517601;9,434388161;191232;6681335
12;179;0;1001;1;Heradsbygda;60,17754745;10,20263577;234007;6680854
12;180;0;1001;1;Hallum;60,17922974;10,21531677;234722;6680990
12;181;0;1001;1;Eikredammen;60,78163528;8,746917725;159832;6754690
12;182;0;1001;1;Hugali;61,14788437;8,719861984;162276;6795495
12;183;0;1001;1;Ala;61,13258362;8,701430321;161123;6793891
12;188;0;1001;1;Langtjernbekk;60,37271118;9,727456093;209434;6704554
12;190;0;1001;2;Samsjøen ndf.;60,34293365;10,18516541;234384;6699311
12;192;0;1001;1;Sundbyfoss;59,51703644;10,12356377;224211;6607750
12;193;0;1001;1;Fiskum;59,69721222;9,790201187;206957;6629206
12;197;0;1001;0;Grunke;60,95033646;8,703139305;159261;6773648
12;198;0;1001;1;Synna;61,07987213;9,930847168;226709;6782276
12;200;0;1001;1;Kolbjørnshus;60,82338715;10,07233334;232178;6753180
12;201;0;1001;1;Etnsenn;61,08797073;9,507417679;203993;6785020
12;202;0;1001;1;Rotvolla;61,04464722;9,565049171;206693;6779946
12;204;0;1001;1;Veslefossen;61,08444214;9,982892036;229551;6782567
12;205;0;1001;1;Mugna;61,2403717;8,728354454;163721;6805720
12;207;0;1001;0;Vinde-elv;61,15174484;9,075592995;181407;6794136
12;208;0;1001;0;Eid;60,72702026;9,710704803;211687;6744003
12;209;0;1001;1;Urula;60,5581398;9,875691414;219200;6724518
12;212;0;1001;1;Hangtjern;60,47921371;9,448800087;195102;6717650
12;215;0;1001;1;Storeskar;60,89171982;8,332807541;138604;6769129
12;220;0;1001;0;Geithus kraftverk;59,92897034;9,962825775;218617;6654215
12;228;0;1001;1;Kistefoss;60,2217598;10,36211491;243185;6685137
12;285;0;1001;0;Døvikfoss;59,88624191;9,909771919;215291;6649693
12;285;0;1055;1;Døvikfoss;59,88624191;9,909771919;215291;6649693
12;286;0;1001;0;Jaren ndf.;60,40398407;10,53773117;254273;6704730
12;289;0;1001;0;Fasle elv;60,96334457;9,30043602;191649;6772130
12;290;0;1001;0;Bagn;60,80819321;9,567401886;204636;6753661
12;297;0;1001;1;Hvalskvern;60,33613968;10,57982731;256082;6697029
13;1;0;1001;1;Gutudammen;59,64619064;10,2208252;230740;6621708
13;3;0;1001;1;Svingen;59,6956749;10,16132832;227794;6627452
14;1;0;1001;1;Aulie;59,29019928;10,34674168;235052;6581625
14;2;0;1001;1;Bjune;59,3313179;10,32200336;233967;6586295
15;3;0;1001;1;Brofoss;60,31767273;8,940588951;165584;6702175
15;6;0;1001;1;Tindhølen;60,26583099;7,640229225;93358;6703742
15;8;0;1001;1;Pålsbufjord;60,4359436;8,735075951;155518;6716368
15;11;0;1001;0;Nore I;60,26739883;8,960561752;166171;6696490
15;11;0;1055;1;Nore I;60,26739883;8,960561752;166171;6696490
15;13;0;1001;1;Skaget;60,08780289;9,077619553;170835;6675955
15;15;0;1001;0;Kongsberg;59,66327286;9,651687622;198872;6626055
15;19;0;1001;0;Fønnebøfjord;60,25570297;8,913599014;163460;6695431
15;20;0;1001;1;Jondalselv;59,71028519;9,585062027;195554;6631583
15;21;0;1001;0;Jondalselv;59,70734406;9,554798126;193828;6631396
15;23;0;1001;0;Bruhaug;60,03014755;9,235398293;179028;6668774
15;33;0;1001;1;Øyhølen;60,08695984;9,102784157;172222;6675736
15;41;0;1001;0;Myklevatn ndf.;59,41469574;9,701523781;199466;6598206
15;44;0;1001;0;Hallen;60,39949036;8,423229218;138003;6713997
15;49;0;1001;1;Halledalsvatn;60,4929657;8,479064941;142101;6724067
15;52;0;1001;1;Smådøla;60,32922363;8,810186386;158522;6704127
15;53;0;1001;0;Borgåi;60,30979156;9,009718895;169312;6700951
15;54;0;1001;1;Skrykken;60,28083801;8,018460274;114378;6703130
15;55;0;1001;1;Økta;60,30690384;9,050089836;171508;6700427
15;60;0;1001;1;Gleda;59,74618912;9,588357925;196065;6635558
15;61;0;1001;1;Holmfoss i Numedalslågen;59,18964386;9,993581772;214126;6571907
15;62;0;1001;1;Hagnes;59,19249344;10,08644009;219446;6571829
15;72;0;1001;1;Sørkja;59,95459366;9,299316406;181856;6660072
15;73;0;1001;1;Goksjø;59,19311523;10,11884499;221299;6571762
15;74;0;1001;1;Skorge;59,20571518;10,11575508;221225;6573175
15;76;0;1001;1;Svartangen;59,36494446;9,841240883;206950;6592053
15;79;0;1001;0;Orsjoren;60,38209534;8,263917923;129057;6712954
15;100;0;1001;1;Skollenborg;59,61829758;9,666769028;199317;6620989
15;174;0;1001;1;Istreelva;59,07536316;10,18259525;223988;6558407
16;9;0;1001;1;Strengen Dam ndf.;59,99386215;8,375630379;130852;6669238
16;10;0;1001;0;Omnesfoss;59,61171341;8,99323082;161342;6623505
16;19;0;1001;1;Møsvatn, Langhøl;59,82936096;8,326091766;126249;6651259
16;20;0;1001;0;Møsvatn ndf.;59,82475662;8,317268372;125704;6650797
16;23;0;1001;0;Kirkevoll bru;59,69002914;9,037620544;164624;6631977
16;31;0;1001;0;Omnesfoss;59,61172485;8,993266106;161344;6623505
16;33;0;1001;1;Seljordvatn;59,4317894;8,838149071;150756;6604327
16;36;0;1001;1;Grungevatn;59,71279526;7,747169971;92490;6641744
16;44;0;1001;0;Langeidvatn ndf.;59,71200943;7,574839115;82824;6642730
16;47;0;1001;1;Vrangfoss ovf.;59,30557632;9,174386978;168550;6588588
16;51;0;1001;0;Hagadrag;59,43201065;8,874759674;152829;6604160
16;56;0;1001;1;Ås;59,26856232;9,561680794;190215;6582609
16;58;0;1001;1;Ranneberg/Rørås;59,2057457;9,546657562;188788;6575699
16;66;0;1001;1;Grosettjern;59,8355484;8,320614815;126013;6651976
16;72;0;1001;1;Bordalsvatn;59,81057358;7,405138969;74576;6654741
16;75;0;1001;1;Tannsvatn (Lognvikvatnet);59,673172;8,067387581;109976;6635419
16;76;0;1001;1;Hyljelihyl;59,73835373;7,449109077;76114;6646451
16;81;0;1001;1;Bitdalsvatn;59,78370285;7,947591782;104563;6648393
16;85;0;1001;1;Hovdevatn;59,53616714;8,181655884;114821;6619547
16;86;0;1001;1;Hovdevatn ndf.;59,53035355;8,185333252;114962;6618881
16;95;0;1001;0;Hørte;59,41878891;9,120134354;166582;6601434
16;102;0;1001;1;Nørstrud bru;59,42573929;8,443401337;128362;6605798
16;103;0;1001;1;Sagafoss;59,42490768;8,459276199;129250;6605617
16;104;0;1001;0;Kilen;59,34324265;8,789905548;147106;6594749
16;108;0;1001;1;Gjevarvatn;59,60220718;8,348041534;124937;6625923
16;109;0;1001;1;Veisvikvatn;59,72656631;8,260268211;121407;6640224
16;112;0;1001;1;Byrteåi;59,56592941;7,748773098;90791;6625443
16;117;0;1001;1;Elvarheim;59,44506073;7,997404099;103368;6610523
16;122;0;1001;1;Grovåi;59,64139938;8,311717987;123333;6630479
16;127;0;1001;1;Viertjern;60,12529373;8,450204849;136450;6683413
16;128;0;1001;1;Austbygdåi;59,99525452;8,827662468;156006;6666952
16;132;0;1001;1;Gjuvå;59,75517654;8,794498444;151654;6640467
16;133;0;1001;2;Skotfoss;59,20770645;9,527881622;187736;6576005
16;135;0;1001;1;Tyri;59,27240753;9,124005318;165362;6585156
16;140;0;1001;1;Kvenna;60,01842117;7,865456104;102789;6674926
16;142;0;1001;1;Strengen;59,99475479;8,374716759;130811;6669343
16;153;0;1001;0;Totalavløp Norsjø;59,20392227;9,557134628;189369;6575448
16;154;0;1001;1;Brusetbekken;59,22066879;9,397974968;180455;6578062
16;155;0;1001;1;Sønnlandsvatn;59,7038765;8,858819008;154728;6634433
16;156;0;1001;1;Grunnåi;59,53717041;8,765148163;147727;6616414
16;157;0;1001;1;Børtevatn overløp;59,49356079;7,83301115;94663;6616897
16;158;0;1001;1;Botnedalsvatn overl.;59,48863602;7,785502911;91923;6616643
16;187;0;1001;1;Hogga Dam;59,30308151;9,042495728;161034;6588975
16;189;0;1001;1;Bjørntjønn;59,54476166;8,015879631;105579;6621475
16;190;0;1001;1;Hegre;59,79092026;8,00014019;107587;6648881
16;193;0;1001;0;Hørte;59,43141937;9,133699417;167474;6602769
16;194;0;1001;0;Kilen;59,34851456;8,785969734;146937;6595356
17;10;0;1001;1;Dalsfoss ndf.;58,96403885;9,320245743;173596;6549928
17;11;0;1001;1;Farsjø;58,941185;9,33014679;173948;6547340
17;12;0;1001;1;Homtjønn;59,17052841;8,65396595;137563;6576303
18;4;0;1001;1;Lundevann;58,66829681;8,977776527;150984;6518807
18;8;0;1001;1;Ubergelv;58,65270615;8,84628582;143217;6517769
18;10;0;1001;1;Gjerstad;58,88360596;9,03327179;156332;6542433
18;11;0;1001;1;Tjellingtjernbekk;58,93208313;8,859376907;146830;6548724
18;12;0;1001;1;Skardavatn;58,76119232;9,266518593;168577;6527658
19;8;0;1001;0;Nisser Dam;59,01076126;8,543302536;129533;6559174
19;26;0;1001;1;Nesvatn ndf.;58,96484756;8,092639923;103204;6556670
19;29;0;1001;0;Aamfoss;58,77032471;8,485909462;123637;6532803
19;34;0;1001;0;Haukerhølen;59,00223923;8,540769577;129296;6558242
19;36;0;1001;0;Evenstad;58,54281235;8,673915863;132087;6506499
19;36;0;1055;1;Evenstad;58,54281235;8,673915863;132087;6506499
19;40;0;1001;0;Lunde Mølle;58,40531921;8,644385338;128924;6491395
19;49;0;1001;1;Rusdam;59,00807571;8,251681328;112806;6560533
19;50;0;1001;0;Glomsdam;59,00728989;8,270849228;113895;6560334
19;54;0;1001;0;Eikhomkilen;58,95136261;8,398048401;120562;6553397
19;55;0;1001;0;Jørundland;58,89676666;8,248568535;111375;6548197
19;60;0;1001;1;Langkvernhusfoss;59,3611908;8,071529388;106583;6600776
19;63;0;1001;1;Finndøla;59,22967911;8,076856613;105361;6586151
19;70;0;1001;1;Torsdalen ndf.;59,20241928;7,75999403;87014;6585051
19;72;0;1001;0;Jørundland;58,89453506;8,251220703;111503;6547934
19;73;0;1001;1;Kilåi bru;59,00203705;8,299213409;115460;6559587
19;75;0;1001;0;Nisser ndf.;59,01078796;8,545879364;129681;6559163
19;76;0;1001;1;Tovsliøytjønn;59,06933594;8,011397362;99766;6568750
19;77;0;1001;1;Horgevikåi;59,262043;8,371915817;122502;6588031
19;78;0;1001;0;Grytå;59,17243958;8,344135284;119926;6578243
19;79;0;1001;1;Gravå;59,23484421;8,036405563;103121;6586966
19;80;0;1001;1;Stigvassåi;58,74980927;8,51558876;125128;6530359
19;82;0;1001;1;Rauåna;58,96851349;8,508176804;127065;6554680
19;89;0;1001;1;Skornetten;59,16281128;8,56333065;132314;6575943
19;91;0;1001;1;Åbogstjønn ndf.;59,05818939;8,302899361;116299;6565798
19;92;0;1001;1;Tjønnstronda;59,06055069;8,624681473;134723;6564253
19;93;0;1001;1;Årak;59,03988266;8,519355774;128477;6562540
19;96;0;1001;1;Storgama ovf.;59,05231476;8,65362072;136291;6563180
19;104;0;1001;1;Songedalsåi;59,29985428;7,985102177;100967;6594486
19;107;0;1001;1;Lilleelv;58,43535614;8,702689171;132635;6494410
19;108;0;1001;1;Fyresvatn avløp;59,00901031;8,260924339;113346;6560583
19;109;0;1001;1;Rygene terskel;58,40390015;8,641422272;128736;6491254
19;126;0;1001;0;Gjermundnes;58,74599075;8,464669228;122148;6530221
19;127;0;1001;0;Rygene total;58,4107399;8,670139313;130481;6491855
19;128;0;1001;0;Åmli kraftstasjon total;58,76941681;8,483328819;123479;6532717
20;2;0;1001;1;Austenå;58,83963394;8,100524902;102216;6542728
20;3;0;1001;1;Flaksvatn;58,33046341;8,203061104;102367;6485613
20;6;0;1001;1;Ogge;58,41426468;8,090953827;96782;6495582
20;9;0;1001;0;Vikstølvatn ndf.;58,58581924;7,971745968;91842;6515340
20;11;0;1001;1;Tveitdalen;58,38541031;8,242371559;105277;6491479
21;11;0;1001;0;Heisel;58,24754715;7,951435089;86711;6477930
21;15;0;1001;1;Hekni min.vf.;59,04157639;7,561698914;73734;6568461
21;21;0;1001;1;Hoslemo;59,43738174;7,406233788;69878;6613355
21;22;0;1001;2;Valle;59,19158173;7,520999908;73282;6585358
21;24;0;1001;0;Byglandsfjord ndf.;58,64865875;7,811364174;83301;6523300
21;28;0;1001;1;Løyning;59,46007919;7,381591797;68776;6616031
21;30;0;1001;1;Holen;59,3465271;7,288533211;62056;6604051
21;31;0;1001;2;Lislevatn;58,75219345;7,889063835;89018;6534306
21;34;0;1001;1;Kilefjord;58,41114426;7,769736767;78042;6497211
21;38;0;1001;0;Vigeland uv.kanal;58,25246811;7,956707954;87077;6478444
21;43;0;1001;2;Hovet;59,11581421;7,518065929;72168;6576974
21;44;0;1001;0;Storvatn;59,30284119;6,937658787;41602;6601577
21;47;0;1001;1;Lislefjødd;59,6088295;7,419619083;72814;6632279
21;51;0;1001;1;Fardal;59,09585953;7,455207825;68332;6575167
21;52;0;1001;2;Lundane;59,59145355;7,392499924;71068;6630527
21;53;0;1001;2;Børtemannsbekk;59,57206726;7,37527895;69852;6628489
21;54;0;1001;1;Hartevatn;59,52445221;7,363480091;68578;6623287
21;55;0;1001;1;Bykil;59,32226181;7,320489883;63554;6601150
21;69;0;1001;0;Syrtveit;58,63957977;7,80774498;82983;6522316
21;71;0;1001;0;Vigeland;58,25156784;7,956428051;87050;6478346
22;2;0;1001;1;Ørevassoset;58,55455399;7,378011227;57055;6515646
22;4;0;1001;1;Kjølemo;58,12024307;7,528130054;60379;6466492
22;5;0;1001;1;Austerhus;58,61302567;7,42061615;60261;6521849
22;7;0;1001;1;Nedre Skjerkevatn;58,5749054;7,353544235;55896;6518065
22;11;0;1001;0;Forgård bru;58,61650467;7,411299229;59766;6522296
22;16;0;1001;0;Myglevatn ndf.;58,44588852;7,584990978;67715;6502242
22;20;0;1001;0;Håverstad;58,49811935;7,426808834;59174;6509066
22;22;0;1001;1;Søgne;58,09098053;7,835107803;78051;6461281
22;23;0;1001;1;Laudal;58,23982239;7,512193203;60925;6479859
23;4;0;1001;1;Brådlandsvatn;58,22766495;7,311214924;49017;6479843
23;5;0;1001;1;Lona;58,05369568;7,24147892;42705;6461024
23;8;0;1001;1;Gaupefossen;58,14439011;7,366672039;51209;6470237
23;10;0;1001;1;Øvre Øydnavatn;58,39366913;7,370863914;54604;6497852
23;11;0;1001;1;Ytre Øydnavatn;58,32896042;7,368720055;53661;6490691
24;2;0;1001;0;Tingvatn (Lygne);58,40002823;7,2242589;46151;6499541
24;3;0;1001;0;Møska (Skolandsvatnet);58,16162109;7,061922073;33568;6474222
24;8;0;1001;0;Møska (Skolandsvatnet);58,16056442;7,066228867;33807;6474075
24;9;0;1001;0;Tingvatn (Lygne);58,40113831;7,223348141;46112;6499670
25;2;0;1001;1;Kvinen;58,87005997;7,067547798;43230;6552716
25;6;0;1001;0;Homstølvatn ndf.;58,6915741;6,936490059;33310;6533839
25;7;0;1001;0;Refsti;58,27428818;6,822276115;21055;6488397
25;8;0;1001;1;Mygland;58,51194763;7,020081043;35750;6513347
25;9;0;1001;1;Lindeland bru;58,55002213;6,905289173;29604;6518369
25;10;0;1001;0;Rafoss;58,36527252;6,956736088;30119;6497530
25;11;0;1001;2;Homstølvatn;58,7260437;6,93303299;33573;6537683
25;14;0;1001;1;Sandvikvatn;59,03886414;7,154816151;50449;6570835
25;18;0;1001;1;Kvidingen;58,61432648;6,909362793;30705;6525467
25;24;0;1001;1;Gjuvvatn;59,15917587;7,214805126;55441;6583769
25;26;0;1001;1;Øyarvatn;58,97332764;7,12613678;47949;6563764
25;30;0;1001;0;Stegemoen;58,36577606;6,956398964;30106;6497589
25;32;0;1001;1;Knabåni;58,66950226;6,973183155;35132;6531137
25;51;0;1001;1;Krågehølen;58,3225708;6,97499609;30614;6492670
26;4;0;1001;1;Fidjelandsvatn;58,95141983;6,926516056;36229;6562707
26;5;0;1001;1;Dorgefoss;58,8594017;6,790644169;27190;6553464
26;6;0;1001;1;Lindeland;58,76689148;6,743857861;23231;6543546
26;7;0;1001;1;Sirdalsvatn;58,42679214;6,666283131;14055;6506420
26;8;0;1001;1;Lundevatn;58,31302643;6,49450922;2467;6495075
26;9;0;1001;1;Valevatn;58,91693878;6,744464874;25330;6560168
26;10;0;1001;1;Liland;58,74964905;6,785564899;25396;6541338
26;12;0;1001;1;Litle Rosseland;58,37106323;6,278316975;-9296;6503127
26;15;0;1001;1;Svartevatn;59,1220932;6,897863865;36897;6581821
26;16;0;1001;1;Sirekrok;58,99226761;6,897078991;35096;6567440
26;18;0;1001;1;Langhølen;58,29615784;6,453821182;-144;6493509
26;20;0;1001;1;Årdal;58,54366684;6,497912884;5920;6520601
26;21;0;1001;1;Sandvatn;58,4896698;6,773128986;21124;6512618
26;22;0;1001;1;Deg;58,9341507;6,792245865;28304;6561736
26;25;0;1001;0;Regevik;58,68407059;6,725662231;21043;6534499
26;25;0;1001;1;Regevik;58,68407059;6,725662231;21043;6534499
26;26;0;1001;0;Jogla;58,95766068;6,938070774;36975;6563318
26;29;0;1001;1;Refsvatn;58,35037613;6,344214916;-5758;6500337
26;32;0;1001;1;Holmavatn;59,09061432;6,921384811;37813;6578170
26;64;0;1001;1;Rekedalselv;58,37135315;6,250346184;-10919;6503373
27;2;0;1001;0;Bjerkreim bru;58,58314133;6,07429409;-18023;6528178
27;3;0;1001;1;Hetland;58,52347565;5,837060928;-32646;6523437
27;7;0;1001;1;Stølsvatn-overføring;58,71768188;6,08287096;-15531;6543008
27;9;0;1001;1;Stølsvatn ndf.;58,71670532;6,083436966;-15513;6542896
27;13;0;1001;1;Maudal;58,76425552;6,367827892;1554;6546001
27;13;0;1055;1;Maudal;58,76425552;6,367827892;1554;6546001
27;14;0;1001;1;Saglandsvatn;58,55304718;6,072024822;-18601;6524864
27;15;0;1001;1;Austrumdal (Austrumdalsvatnet);58,68172073;6,231351852;-7503;6537888
27;16;0;1001;1;Bjordal;58,68553543;6,494272232;7715;6536343
27;20;0;1001;1;Gya;58,60003281;6,361385822;-1177;6527860
27;24;0;1001;0;Helleland;58,53360367;6,149308205;-14414;6522114
27;25;0;1001;0;Gjedlakleiv;58,57357788;6,0660429;-18642;6527183
27;26;0;1001;0;Ogna v/Hetland;58,52591705;5,845397949;-32126;6523641
27;27;0;1001;0;Bjerkland bru;58,526371;6,127130985;-15805;6521484
27;31;0;1001;1;Storrsheivatn;58,64448929;6,055367947;-18204;6535117
27;42;0;1001;1;Slevelandsåna;58,48767853;6,033689976;-21793;6517924
28;5;0;1001;1;Foss Eikjeland;58,7988205;5,737520218;-34165;6554707
28;6;0;1001;1;Bryne;58,73677444;5,642673969;-40579;6548605
28;7;0;1001;1;Haugland;58,69290924;5,647571087;-40981;6543711
29;5;0;1001;1;Gramstad;58,88256073;5,794937134;-29582;6563516
29;6;0;1001;1;Ims;58,90320587;5,963901043;-19588;6564470
29;7;0;1001;0;Gramstaddalen;58,88144302;5,786829948;-30063;6563456
30;2;0;1001;0;Byrkjedal bru;58,78356934;6,323966026;-691;6548469
30;3;0;1001;1;Hunnevatn;58,88758469;6,635300159;18665;6557698
30;4;0;1001;1;Eikjeskog;58,85462952;6,371373177;3057;6555984
30;5;0;1001;1;Øvstabølstøl;58,85537338;6,542682171;12900;6554802
30;6;0;1001;1;Norddal;58,86018372;6,335396767;1073;6556868
30;7;0;1001;0;Byrkjedal;58,79241562;6,338864803;294;6549336
30;8;0;1001;1;Øvstabøstøl;58,86764145;6,573903084;14864;6555934
31;2;0;1001;1;Lysedalen;59,06354523;6,703454971;25011;6576704
31;10;0;1001;1;Venekvev;59,03611755;6,686669827;23672;6573785
32;1;0;1001;0;Liarvatn;59,05115891;6,127017975;-8053;6579591
32;6;0;1001;0;Liarvatn ndf.;59,04922867;6,118229866;-8583;6579444
33;2;0;1001;1;Tveid;59,1341629;6,245946884;-55;6587880
33;4;0;1001;1;Kalltveit i Årdal;59,13491821;6,283895969;2116;6587678
33;7;0;1001;0;Bergeland bru;59,1350174;6,26511097;1049;6587830
33;8;0;1001;1;Leirberget i Årdal;59,14841461;6,188166142;-3133;6589894
33;10;0;1001;1;Sandvatn;59,18201447;6,704770088;26728;6589821
33;11;0;1001;0;Bergland bru ovf.;59,1358757;6,26329422;958;6587939
35;2;0;1001;1;Hauge bru;59,32989883;6,449500084;14332;6608046
35;3;0;1001;0;Førre;59,32341766;6,568168163;20957;6606465
35;4;0;1001;1;Undeknut;59,36883926;6,825414181;36145;6609670
35;5;0;1001;1;Moavatn;59,40137482;6,655078888;26968;6614477
35;6;0;1001;1;Tøtlandsvik;59,27128983;6,337564945;7147;6602380
35;8;0;1001;1;Håland;59,35103607;6,240707874;2827;6611933
35;9;0;1001;1;Osali (Botnavatnet);59,41437912;6,624198914;25406;6616139
35;16;0;1001;1;Djupadalsvatn;59,28089523;6,381077766;9752;6603122
35;17;0;1001;0;Førre Limnigraf;59,323452;6,569923878;21057;6606456
36;1;0;1001;0;Suldalsoset;59,49095917;6,519909859;20607;6625372
36;2;0;1001;1;Røldalsvatn;59,75406647;6,789738178;39437;6652603
36;6;0;1001;1;Lavika;59,48170853;6,259193897;5787;6626264
36;7;0;1001;1;Tjelmane bru;59,48146439;6,268928051;6332;6626164
36;8;0;1001;1;Kvanndal;59,67930984;6,972291946;48635;6643060
36;9;0;1001;1;Middal;59,9540863;6,982066154;52890;6673445
36;10;0;1001;1;Vivassdal Limnigraf;59,95321655;6,968687057;52135;6673439
36;11;0;1001;0;Stråpa;59,48908615;6,516337872;20379;6625191
36;12;0;1001;1;Fossåna;59,45318985;6,357682228;10922;6622375
36;13;0;1001;1;Grimsvatn;59,58150482;6,539672852;23006;6635259
36;14;0;1001;0;Røldalsvatn;59,7531662;6,789796829;39428;6652503
36;14;0;1055;1;Røldalsvatn;59,7531662;6,789796829;39428;6652503
36;20;0;1001;1;Djupetjønn;59,76307297;6,999835968;51305;6652156
36;31;0;1001;1;Kvilldal;59,51196671;6,63351202;27301;6626883
36;31;0;1001;2;Kvilldal;59,51196671;6,63351202;27301;6626883
36;32;0;1001;1;Lauvastøl;59,5057373;6,70589304;31290;6625679
36;34;0;1001;1;Prestvika;59,48839569;6,491004944;18942;6625298
36;52;0;1001;1;Kvanndalså;59,68121719;6,977807045;48970;6643234
37;7;0;1001;1;Hølland;59,65859222;6,359286785;13992;6645109
37;8;0;1001;1;Buer;59,73557281;6,348766804;14523;6653711
37;11;0;1001;1;Breiborg;59,7288208;6,580592155;27389;6651282
37;27;0;1001;1;Breiborgvatn;59,72246552;6,56497097;26425;6650690
37;30;0;1001;1;Dokkavatn;59,66993332;6,574306965;26203;6644805
38;1;0;1001;1;Holmen;59,49882507;5,913059235;-13443;6630792
39;1;0;1001;1;Tysvær;59,32949066;5,443241119;-42586;6615801
39;2;0;1001;1;Kallandsvatnet;59,4798851;5,305683136;-47914;6633565
41;1;0;1001;1;Stordalsvatn;59,6828537;6,010007858;-5208;6650413
41;4;0;1001;1;Rygg;59,65192795;5,998363972;-6328;6647079
41;5;0;1001;1;Stakkastadvatn;59,47909927;5,377064228;-43911;6632890
41;7;0;1001;1;Blomstølvatn;59,76766586;6,249155998;9427;6658000
41;8;0;1001;1;Hellaugvatn;59,72000504;6,187859058;5297;6653180
42;2;0;1001;1;Djupevad;59,81743622;5,844408035;-12402;6666583
42;5;0;1001;1;Rullestadvatn;59,87421799;6,408332825;19858;6668628
42;6;0;1001;1;Baklihøl;59,85902023;6,270763874;11976;6667955
42;8;0;1001;1;Lonå;59,90519333;6,339737892;16491;6672559
42;16;0;1001;1;Fjellhaugen;59,85847855;6,06270504;383;6669451
45;4;0;1001;1;Seimsfoss i Guddalselv;59,96464157;6,000079155;-1494;6681677
46;3;0;1001;1;Øyreselv;60,15764618;6,317550182;18955;6700674
46;4;0;1001;1;Bondhus;60,11470032;6,268321037;15605;6696280
46;7;0;1001;1;Brakhaug;60,16954422;6,284123898;17285;6702236
46;9;0;1001;1;Fønnerdalsvatn;60,06708145;6,283018112;15716;6690900
47;1;0;1001;1;Eidevatn (Byrkjelandsvatnet);60,28347778;6,298196793;19737;6714747
47;7;0;1001;1;Fodnastøl;60,32508087;6,425193787;27323;6718433
48;1;0;1001;1;Sandvenvatn;60,01389694;6,546916962;29564;6683099
48;2;0;1001;1;Raundalsvatn;60,18398666;6,516520977;30314;6702153
48;4;0;1001;1;Jordal;60,04367828;6,531559944;29138;6686507
48;5;0;1001;1;Reinsnosvatn;59,96939468;6,725261211;38833;6676909
49;3;0;1001;1;Tyssefallene;60,11566162;6,562170029;31859;6694261
50;1;0;1001;1;Hølen;60,35738373;6,746254921;45408;6719745
50;2;0;1001;1;Garen;60,40985107;7,281093121;75455;6721981
50;3;0;1001;1;Eidfjordvatn;60,44957352;7,09804678;65952;6727580
50;4;0;1001;1;Viveli;60,34613037;7,150341988;67440;6715770
50;5;0;1001;1;Sima;60,50312424;7,203316212;72422;6732824
50;6;0;1001;1;Rembesdalsvatn;60,5298996;7,258329868;75781;6735435
50;8;0;1001;1;Langevatn;60,45926285;7,546702862;90644;6725773
50;9;0;1001;1;Fisketjønn;60,42779541;7,502692223;87834;6722559
50;10;0;1001;1;Isdøla;60,41994858;7,263305187;74612;6723215
50;11;0;1001;1;Høel;60,42129517;7,256513119;74257;6723409
50;13;0;1001;1;Bjoreio;60,38523865;7,395788193;81427;6718516
50;13;0;1001;2;Bjoreio;60,38523865;7,395788193;81427;6718516
50;38;0;1001;1;Leiro;60,43454361;7,461262226;85650;6723568
51;1;0;1001;1;Lakjen;60,55810928;7,120005131;68603;6739464
51;2;0;1001;1;Austdalsvatn øvre;60,58760452;7,142025948;70197;6742588
51;3;0;1001;1;Osseter;60,61927032;7,063445091;66340;6746615
55;4;0;1001;1;Røykenes;60,24881363;5,441903114;-27867;6717480
55;5;0;1001;1;Dyrdalsvatn;60,34900665;5,519944191;-21970;6727936
55;7;0;1001;1;Eikelandsosen;60,24410629;5,763690948;-10250;6714418
55;8;0;1001;1;Svartatjønn;60,2767601;5,775897026;-9069;6717936
55;23;0;1001;1;Storelvi i Samnanger;60,39806366;5,798149109;-5957;6731183
56;2;0;1001;1;Håvardstun;60,29104996;5,282339096;-35942;6723442
61;7;0;1001;1;Sedal;60,49248123;5,778162003;-5576;6741783
61;8;0;1001;1;Kaldåen;60,56048584;6,041258812;9818;6747309
61;10;0;1001;1;Storefoss;60,57891846;5,86086607;277;6750711
61;13;0;1001;1;Haukåselva;60,50279999;5,360542774;-28193;6746217
62;4;0;1001;1;Rjoande;60,69456863;6,848241806;55664;6756401
62;5;0;1001;1;Bulken (Vangsvatnet);60,62868118;6,292537212;24518;6753006
62;6;0;1001;1;Austmannhølen;60,68606567;6,822253227;54134;6755635
62;10;0;1001;0;Myrkdalsvatn;60,79920959;6,501574039;38350;6770390
62;12;0;1001;1;Hielva;60,82621384;6,442028046;35520;6773802
62;13;0;1001;1;Årmot;60,86182022;6,496277809;38968;6777361
62;14;0;1001;1;Slondalsvatn;60,69053268;6,947995186;61027;6755281
62;15;0;1001;1;Kinne;60,63039017;6,499365807;35793;6751712
62;16;0;1001;1;Kvitno;60,69718933;6,58055687;41164;6758537
62;17;0;1001;1;Mestad;60,67532349;6,096998215;14590;6759603
62;18;0;1001;1;Svartavatn;60,65359116;5,899998188;3561;6758676
62;19;0;1001;1;Evanger Kraftverk;60,64896774;6,115402222;15192;6756550
62;20;0;1001;1;Flagehølen;60,6327858;6,268087864;23249;6753638
63;1;0;1001;1;Nese;60,78646469;5,937979221;7669;6773090
63;2;0;1001;1;Brakestad;60,81087875;6,170152187;20595;6774067
63;3;0;1001;1;Fosse;60,77370453;6,07055521;14647;6770687
63;12;0;1001;1;Fjellanger;60,7971611;6,054623127;14141;6773401
64;2;0;1001;2;Steinslandsvatn;60,87186432;5,979554176;11228;6782227
64;5;0;1001;1;Øvre Helland;60,85824966;5,973473072;10690;6780766
64;6;0;1001;1;Solrenningsvatn (Vøvringevatnet);60,98348618;6,112276077;20077;6793595
64;10;0;1001;1;Steinsland;60,92573929;5,978143215;11978;6788199
65;1;0;1001;2;Hunvensvatnet;60,66710663;5,238712788;-32113;6765367
68;1;0;1001;1;Kløvtveitvatn;60,97053146;5,289796829;-24332;6798491
68;2;0;1001;0;Havelandselv;61,00558472;5,193134785;-28939;6803146
70;7;0;1001;1;Tistel;61,05389023;6,536719799;43919;6798345
70;8;0;1001;1;Målset;60,97331619;6,502296925;40905;6789664
71;1;0;1001;0;Skjerping;60,85893631;6,792996883;54955;6774985
71;5;0;1001;1;Feios;61,14293671;6,749968052;56620;6806737
72;1;0;1001;1;Klevevatn;60,71787262;7,211500168;75707;6756574
72;5;0;1001;2;Brekke bru;60,84999466;7,114254951;72197;6771850
72;7;0;1001;2;Vassbygdvatn;60,87571335;7,263466835;80603;6773734
72;8;0;1001;1;Aurdalsvatn;60,82726669;7,490491867;92254;6766929
72;22;0;1001;1;Låvisbrua;60,88526154;7,238070965;79357;6774956
72;71;0;1001;1;Frønningen dam;61,09579849;7,084111214;73879;6799287
73;1;0;1001;1;Lo bru;61,05896378;7,816027164;112711;6790644
73;2;0;1001;2;Stuvane;61,04415512;7,619073868;101938;6790186
73;3;0;1001;1;Skjærsbrui;61,09247589;7,518673897;97156;6796160
73;4;0;1001;1;Sælthun;61,05215836;7,700852871;106435;6790578
73;5;0;1001;1;Breistøl;61,02262497;8,034507751;124027;6785336
73;6;0;1001;1;Bergstølfoss;61,06023788;7,961112976;120527;6789934
73;7;0;1001;1;Ulvisbakken;61,07696533;7,97631979;121544;6791701
73;8;0;1001;1;Dilma;61,0302887;7,813097954;112203;6787480
73;9;0;1001;1;Nivla;61,0275116;7,660514832;103959;6788088
73;10;0;1001;1;Smeddalen;61,13822556;8,004052162;123765;6798337
73;14;0;1001;1;Valdresdøla;61,15519333;7,991439819;123291;6800292
73;21;0;1001;1;Frostdalen;61,1774025;8,029518127;125596;6802537
73;24;0;1001;1;Fossebakken;61,17866135;8,071578979;127864;6802436
73;27;0;1001;1;Sula;61,17078018;8,101554871;129378;6801391
74;5;0;1001;1;Nysetvatn;61,18310165;7,640898228;104854;6805461
74;11;0;1001;0;Tyinosen;61,27473068;8,140551567;132683;6812704
74;13;0;1001;1;Muradn;61,40075684;7,717245102;111647;6829139
74;15;0;1001;1;Utla;61,32176971;7,827309132;116532;6819727
74;16;0;1001;1;Langedalen;61,40148926;7,707270145;111126;6829280
74;18;0;1001;1;Fornabu;61,23335266;7,551174164;100689;6811580
74;24;0;1001;1;Nysetvatn;61,16975784;7,767128944;111448;6803223
74;108;0;1001;1;Raundalen i Utla;61,49818802;8,135410309;135029;6837527
74;109;0;1001;1;Gravdalen i Utla;61,51269913;8,137393951;135305;6839126
74;110;0;1001;1;Skogadalen i Utla;61,46507645;8,131203651;134417;6833877
75;2;0;1001;1;Ytri bru;61,50646973;7,70009613;112055;6840965
75;4;0;1001;1;Bergselv;61,50202942;7,803618908;117486;6839860
75;5;0;1001;0;Fortun;61,4967041;7,692988873;111556;6839925
75;18;0;1001;0;Fortun;61,49421692;7,686519146;111182;6839688
75;19;0;1001;1;Oppsarelv;61,53417969;7,554111004;104673;6844917
75;20;0;1001;1;Åsetvatn;61,57158279;7,567434788;105854;6848984
75;21;0;1001;1;Rausdal;61,63097;7,579783916;107261;6855494
75;22;0;1001;1;Gilja;61,54969025;7,621135235;108417;6846231
75;23;0;1001;1;Krokenelv;61,3470192;7,398218155;93991;6825127
75;24;0;1001;1;Øygarden;61,46089172;7,461806774;98843;6837357
75;28;0;1001;1;Feigumfoss;61,38168335;7,445110798;96935;6828679
75;43;0;1001;1;Ringsdal;61,48576736;7,784169197;116254;6838171
76;1;0;1001;0;Kroken;61,65180588;7,28239584;91848;6859637
76;3;0;1001;1;Fondøla;61,43582916;7,24553299;87039;6835932
76;4;0;1001;0;Leirdal;61,4703331;7,206048012;85404;6840008
76;5;0;1001;0;Nigardsbrevatn;61,6665535;7,241906166;89910;6861527
76;7;0;1001;1;Nigardsbreelv;61,67421341;7,209346771;88297;6862582
76;10;0;1001;1;Myklemyr;61,5073967;7,273677826;89479;6843686
76;11;0;1001;1;Vigdøla;61,50817871;7,327950001;92363;6843431
76;14;0;1001;1;Fåbergstøl;61,71100998;7,350989819;96240;6865771
76;15;0;1001;1;Bruvollelvi;61,68200684;7,397538185;98311;6862266
76;32;0;1001;0;Tunsbergdalsvatn;61,46457672;7,17822504;83852;6839547
77;2;0;1001;1;Veitestrandsvatn;61,3690834;7,090223789;77895;6829532
77;3;0;1001;1;Sogndalsvatn;61,2978363;7,006807804;72486;6822181
77;20;0;1001;1;Henjaelvi ved Flotande;61,23227692;6,849142075;63172;6815964
77;21;0;1001;1;Grindselvi;61,20993805;6,745707989;57335;6814187
78;2;0;1001;1;Suphellerelv;61,43437195;6,776820183;62149;6838836
78;3;0;1001;0;Bøyumselv;61,45228577;6,742162228;60564;6841054
78;8;0;1001;0;Bøyumselv;61,44869995;6,742683887;60541;6840653
78;12;0;1001;1;Mel;61,33755875;6,560866833;49299;6829589
79;1;0;1001;1;Nessadalsvatn;61,16313934;6,284612179;32012;6812227
79;3;0;1001;1;Nessedalselv;61,15987015;6,278385162;31630;6811910
80;3;0;1001;1;Bøvatn;61,19983673;5,786171913;5946;6819968
80;4;0;1001;1;Ullebøelv;61,20324326;5,785525799;5965;6820350
81;1;0;1001;1;Hersvikvatn (Hagevatnet);61,1352005;4,937115192;-40448;6819567
82;1;0;1001;0;Nautsundvatn;61,25066757;5,395773888;-14050;6828611
82;3;0;1001;0;Håland bru;61,33520508;5,415047169;-11640;6837804
82;4;0;1001;0;Nautsundvatn;61,25289536;5,385350227;-14569;6828940
83;2;0;1001;1;Viksvatn (Hestadfjorden);61,3330574;5,886256218;13361;6833950
83;5;0;1001;1;Gjermundstad;61,3184967;6,237535954;31818;6829761
83;6;0;1001;1;Byttevatn;61,34341049;6,346825123;38001;6831738
83;7;0;1001;1;Grønengstølsvatn;61,44324112;6,468958855;45951;6841930
83;8;0;1001;1;Yndestad;61,38048172;5,675849915;2935;6840787
83;11;0;1001;0;Haukedalsvatn ndf.;61,36549377;6,229646206;32103;6835020
83;12;0;1001;0;Haukedalsvatn ndf.;61,36568832;6,231594086;32209;6835027
83;13;0;1001;1;Nysnaelv;61,38555527;5,626603127;404;6841726
84;1;0;1001;1;Jølstervatn;61,49349594;6,113284111;27867;6850027
84;7;0;1001;1;Sægrova;61,53483582;6,493644238;48593;6851899
84;8;0;1001;0;Holsenvatn;61,43320084;6,052945137;23753;6843795
84;10;0;1001;1;Nesvatn;61,59517288;5,982876778;22539;6862231
84;11;0;1001;0;Hovefoss;61,53279114;5,752138138;9392;6857051
84;12;0;1001;1;Ytste Langvatn;61,61420822;6,158380985;32079;6863058
84;13;0;1001;1;Jølstra;61,44158936;6,005243778;21354;6845074
84;14;0;1001;1;Prestfossen;61,45969009;5,890852928;15577;6847924
84;15;0;1001;0;Jølstervatn ndf.;61,49060059;6,107237816;27503;6849751
84;19;0;1001;1;Sygnesandselva;61,52047729;6,586974144;53319;6849664
84;20;0;1001;0;Holsenvatn;61,43176651;6,064878941;24363;6843550
84;21;0;1001;1;Brulandsfoss ndf.;61,43655777;5,901169777;15763;6845288
84;30;0;1001;1;Lunde;61,51784134;6,636446953;55898;6849033
84;32;0;1001;1;Høgset i Jølstra;61,44934464;5,89580822;15678;6846743
85;1;0;1001;1;Norddal;61,64331436;5,375609875;-8660;6872170
85;2;0;1001;1;Blåmannsvatn;61,56560898;5,519804955;-2340;6862457
85;3;0;1001;1;Svartebotten;61,69178009;5,458040237;-3533;6876884
85;4;0;1001;1;Straumstad (Solheimsvatnet);61,64839554;5,444870949;-4935;6872190
85;5;0;1001;0;Sagefossen krv.;61,61513138;5,678173065;6801;6866717
85;5;0;1055;1;Sagefossen krv.;61,61513138;5,678173065;6801;6866717
85;12;0;1001;0;Eimhjellevatn;61,61709213;5,685039997;7194;6866882
85;13;0;1001;1;Storevatn;61,68011475;5,746359825;11422;6873387
86;1;0;1001;1;Risevatn;61,76268005;5,295063019;-10908;6885996
86;2;0;1001;1;Nedre Åskåra;61,79982758;5,664758205;9051;6887242
86;3;0;1001;1;Breelva v/Ålfotbreen;61,78348923;5,657990932;8435;6885487
86;4;0;1001;1;Gjengedalsvatn;61,66680527;6,054325104;27403;6869633
86;5;0;1001;1;Sørdalsvatn;61,79107285;5,637237072;7470;6886483
86;7;0;1001;1;Bortne;61,847332;5,410477161;-3471;6894447
86;10;0;1001;1;Åvatn (Ommedalsvatnet);61,71940613;5,921297073;21226;6876428
86;12;0;1001;1;Skjerdalselv;61,8156395;5,935550213;23471;6886968
86;23;0;1001;1;Breelva v/Ålfotbreen;61,78255463;5,660483837;8551;6885365
87;1;0;1001;1;Breimsvatn;61,75295639;6,286777973;40917;6877496
87;2;0;1001;0;Gloppenelva v/Eidsfoss;61,7568779;6,245151997;38792;6878226
87;3;0;1001;0;Gloppenelva v/Teita bru;61,72438049;6,511386871;52286;6872762
87;10;0;1001;0;Gloppenelv v/Bergheim;61,71860123;6,520636082;52688;6872059
88;2;0;1001;0;Nordre Oldevatn;61,7997551;6,824456215;69792;6878989
88;4;0;1001;1;Lovatn;61,85869217;6,889669895;74031;6885087
88;6;0;1001;1;Skjæringsdøla;61,93415833;7,238090992;93272;6891209
88;7;0;1001;0;Sunndøla;61,89821625;7,241947174;92994;6887202
88;8;0;1001;1;Vetledalsvatn;61,84775162;7,227735996;91578;6881699
88;10;0;1001;0;Strynsvatn;61,93043518;6,854231834;73180;6893268
88;11;0;1001;0;Strynsvatn;61,93126678;6,878946781;74482;6893197
88;12;0;1001;0;Strynsvatn;61,92858124;6,850551128;72962;6893087
88;14;0;1001;0;Sunndøla;61,89944077;7,232359886;92510;6887398
88;15;0;1001;1;Grasdøla;61,96665192;7,2570858;94696;6894691
88;16;0;1001;1;Hjelledøla;61,91642761;7,124724865;87112;6889962
88;29;0;1001;0;Floen;61,80501556;6,816493034;69448;6879625
88;30;0;1001;0;Nordre Oldevatn;61,79801941;6,828373909;69973;6878771
90;1;0;1001;1;Førdeelv;61,84174347;5,027637959;-23554;6896868
91;2;0;1001;1;Dalsbøvatn;62,16242981;5,166490078;-10883;6931180
91;3;0;1001;1;Ervik;62,16363907;5,110675812;-13745;6931757
92;3;0;1001;1;Gusdalsvatn;62,01762009;5,551054955;6637;6912186
93;2;0;1001;1;Brudevoll;62,0900116;5,776671886;19507;6918490
94;2;0;1001;1;Kaldvatn;62,04467773;6,395681858;50941;6909022
94;3;0;1001;0;Kaldvatn ndf.;62,03313065;6,402408123;51120;6907697
94;4;0;1001;0;Kolfossen;62,04824829;6,394420147;50928;6909426
94;10;0;1001;1;Steinkvivatn;62,00571442;5,80279398;19528;6908974
94;19;0;1001;1;Førdselva v/Gjersdal bru;62,06008148;6,352080822;48904;6911031
95;4;0;1001;1;Vatnevatnet;62,15726471;6,22337389;43688;6922690
96;3;0;1001;1;Hareidselv;62,36288071;6,006543159;35653;6946987
97;1;0;1001;1;Fetvatn (Fitjavatnet);62,33250046;6,592887878;65357;6939537
97;2;0;1001;1;Saurevatn;62,09780121;6,550189972;59743;6913840
97;4;0;1001;1;Skjåstad;62,06938171;6,468237877;55074;6911255
97;5;0;1001;0;Sleddalen;62,07259369;6,452403069;54299;6911720
97;7;0;1001;1;Standal;62,25737381;6,406829834;54666;6932489
98;2;0;1001;0;Øye;62,06637573;6,935566902;79310;6907794
98;4;0;1001;0;Øye ndf.;62,06818008;6,931252003;79110;6908022
99;1;0;1001;2;Onilsavatn;62,2191925;7,427195072;106860;6921633
99;2;0;1001;1;Heimste Kaldhussetervann;62,17515945;7,423720837;106106;6916773
99;3;0;1001;0;Øyen;62,20222092;7,475175858;109123;6919461
99;16;0;1001;1;Muldal;62,2546196;7,463862896;109217;6925338
100;1;0;1001;1;Valldøla v/Alstad;62,32934952;7,483213902;111185;6933505
100;8;0;1001;1;Langvatn;62,37322235;7,846374989;130453;6936236
101;1;0;1001;0;Engsetvatn;62,53139496;6,617669106;69509;6961392
101;2;0;1001;1;Engsetvatn ndf.;62,53320313;6,59224987;68236;6961762
102;1;0;1001;1;Hildreelv;62,60017776;6,344421864;56566;6970861
103;1;0;1001;2;Ulvåa v/Storhølen;62,28049469;8,117796898;143336;6924423
103;3;0;1001;2;Rauma v/Stuguflåten;62,27659988;8,153114319;145115;6923797
103;4;0;1001;0;Horgheim;62,47412109;7,782353878;128412;6947794
103;7;0;1001;2;Dalehaug;62,53802872;7,911923885;135845;6954142
103;10;0;1001;1;Mongevatn;62,44630814;7,892004967;133700;6944082
103;19;0;1001;0;Rauma v/Venge;62,50627136;7,763566971;127850;6951468
103;20;0;1001;1;Isa v/Morstøl bru;62,58323288;7,954072952;138554;6958919
103;21;0;1001;1;Krossan;62,22197342;8,326264381;153438;6916795
103;40;0;1001;0;Rauma v/Horgheim;62,47407913;7,78194809;128391;6947792
104;1;0;1001;2;Lille Eikesdalsvatn;62,45809555;8,228409767;151126;6943525
104;2;0;1001;1;Eikesdalsvatn;62,62742996;8,129364014;148046;6962851
104;3;0;1001;1;Aursjø;62,40506744;8,539843559;166540;6935992
104;7;0;1001;1;Mardøla;62,48936462;8,142684937;147091;6947460
104;9;0;1001;1;Stordalshølen;62,40175247;8,489589691;163915;6935885
104;15;0;1001;1;Leipåna;62,40710068;8,371455193;157893;6937099
104;16;0;1001;1;Finset;62,42121887;8,31888485;155350;6938946
104;17;0;1001;1;Mardalstjern;62,46405411;8,114327431;145335;6944808
104;18;0;1001;1;Mardalsvatn;62,49518204;8,069732666;143417;6948507
104;19;0;1001;1;Store Sandgrovvatn;62,41817093;8,098259926;143964;6939806
104;20;0;1001;1;Bruå;62,45874786;8,201719284;149762;6943741
104;22;0;1001;1;Midtre Mardalsvatn;62,50950241;8,07138443;143673;6950087
104;23;0;1001;1;Vistdal;62,69773483;7,96077919;140290;6971583
105;1;0;1001;2;Osenelv v/Øren;62,79320145;7,726065159;129534;6983503
107;2;0;1001;1;Hustad;62,95949173;7,105557919;100318;7005656
107;3;0;1001;1;Farstadelva v/Farstad;62,97362518;7,161428928;103328;7006875
108;3;0;1001;1;Trolldalsvatn;62,86121368;7,358559132;111780;6993213
109;3;0;1001;0;Elverhøy bru;62,64873886;8,694088936;177136;6962257
109;4;0;1001;1;Gjevilvatn;62,64731216;9,491959572;217895;6958352
109;7;0;1001;1;Festa;62,63116837;9,488767624;217578;6956572
109;9;0;1001;1;Driva v/Risefoss;62,51138306;9,592638969;221773;6942810
109;12;0;1001;1;Bruøy;62,52698135;9,080026627;195609;6946858
109;20;0;1001;1;Driva v/Grensehølen;62,57208633;9,159030914;200118;6951498
109;21;0;1001;1;Driva v/Svoni;62,25589371;9,543678284;216855;6914632
109;27;0;1001;1;Råhamran;62,57769775;8,832999229;183475;6953680
109;28;0;1001;1;Grynna;62,59347534;8,768107414;180322;6955752
109;29;0;1001;1;Dalavatn;62,6075592;8,734353065;178746;6957484
109;31;0;1001;1;Grøli;62,64251709;8,723409653;178566;6961420
109;35;0;1001;1;Håkådalselv;62,44451141;8,604706764;170315;6940037
109;42;0;1001;0;Driva v/Elverhøy bru;62,64873886;8,694088936;177136;6962257
110;1;0;1001;1;Karihola;63,12561798;7,702674866;132551;7020498
110;2;0;1001;1;Draget;63,12498093;7,792335033;137043;7019916
111;1;0;1001;3;Innerdalsvatn;62,7251358;8,744152069;180519;6970489
111;5;0;1001;0;Toåa v/Talgøyfoss;62,79663467;8,782686234;183251;6978237
111;6;0;1055;1;Skar kraftstasjon;62,83366013;8,300546646;159181;6984813
111;8;0;1001;1;Ålvundelva v/Nerdal;62,73136139;8,714754105;179089;6971327
111;9;0;1001;1;Søya v/Melhus;62,90028381;8,604899406;175363;6990631
111;10;0;1001;1;Nauståa;62,7826004;8,893099785;188716;6976140
112;5;0;1001;1;Løsetli;63,03476715;9,267214775;210250;7002398
112;6;0;1001;1;Sjursberget;62,98383331;8,915530205;191977;6998378
112;7;0;1001;1;Honstad;62,9936409;8,838522911;188192;6999839
112;8;0;1001;1;Rinna;62,98495483;9,407096863;216824;6996240
112;13;0;1001;2;Follsjø;62,98827362;9,146409988;203685;6997784
112;14;0;1001;2;Gråsjø;62,93264389;9,128404617;202210;6991689
112;17;0;1001;1;Harang bru;63,00180817;9,014196396;197147;6999905
112;31;0;1001;1;Rinna Dam;62,98725128;9,406812668;216832;6996496
113;3;0;1001;1;Grytåa v/Sletthølen;63,10614395;8,561487198;175462;7013702
113;3;0;1055;1;Grytåa v/Sletthølen;63,10614395;8,561487198;175462;7013702
114;1;0;1001;1;Myra;63,22524643;8,130175591;155202;7029171
117;2;0;1001;0;Valen;63,57430267;8,949250221;199888;7063788
117;3;0;1001;1;Larsskogvatn;63,56951904;8,924450874;198610;7063374
117;4;0;1001;0;Valen (Laksvatnet);63,57960129;8,961426735;200547;7064320
119;4;0;1001;0;Rovatn;63,25984573;9,02129364;200183;7028528
121;4;0;1001;1;Gagnåsvatn;63,28598785;9,692225456;234008;7028470
121;9;0;1001;1;Næverdal;62,69364166;10,1384964;251349;6960838
121;10;0;1001;0;Bjørset Dam;63,05500793;9,663000107;230406;7002923
121;13;0;1001;1;Grana;62,82587433;9,714753151;230918;6977241
121;14;0;1001;1;Svorksjøen;63,13573074;9,843359947;240224;7011150
121;20;0;1001;1;Åmot;63,14045715;9,816179276;238900;7011786
121;22;0;1001;0;Syrstad;63,03225327;9,727707863;233461;7000123
121;23;0;1001;1;Brattset;62,79463959;10,00277424;245290;6972597
121;25;0;1001;1;Kvikne;62,58490372;10,27742958;257558;6948218
121;26;0;1001;1;Storfossdammen;62,66767883;10,15214062;251828;6957899
121;29;0;1001;1;Gisnås;62,70465851;9,915028572;240033;6962945
121;39;0;1001;1;Storsteinhølen;63,05451202;9,645898819;229539;7002939
122;2;0;1001;1;Haga bru;63,06863403;10,28269482;261777;7001986
122;11;0;1001;1;Eggafoss;62,8901062;11,18387985;306061;6979097
122;13;0;1001;1;Økdalsmo bru;62,9136467;10,32979774;262898;6984578
122;14;0;1001;1;Lillebudal bru;62,82336426;10,54862881;273299;6973749
122;16;0;1001;1;Gaua;63,10216522;10,20299339;258036;7006013
122;17;0;1001;1;Hugdal bru;62,99406433;10,24643517;259333;6993830
122;19;0;1001;1;Ånøyen;63,24384308;10,16706944;257415;7021901
122;23;0;1001;1;Klett;63,32447052;10,30431175;264952;7030355
123;7;0;1001;1;Brøttem;63,24959564;10,50985336;274644;7021290
123;9;0;1001;1;Avtræt bru;63,20074463;10,95271683;296504;7014375
123;13;0;1001;0;Stokke;63,18902588;11,15518475;306597;7012445
123;14;0;1001;1;Fossan;63,0249176;11,67930698;331997;6992706
123;20;0;1001;0;Rate;63,38490295;10,39023304;269732;7036763
123;21;0;1001;1;Aune;63,05437851;11,57207394;326751;6996270
123;22;0;1001;1;Nordsetfoss;63,33203506;10,43343925;271468;7030729
123;24;0;1001;1;Rotla bru;63,19052124;11,18660831;308186;7012517
123;28;0;1001;0;Hokfossen;63,32643127;10,63803196;281652;7029392
123;29;0;1001;0;Svarttjørnbekken;63,32032013;10,64944363;282176;7028674
123;30;0;1001;0;Øvre Hestsjøbekk;63,31356049;10,63239002;281272;7027980
123;31;0;1001;1;Kjeldstad i Garbergelva;63,26616669;11,1310997;305905;7021101
123;34;0;1001;1;Kulset bru;63,20212555;11,05226517;301514;7014217
123;48;0;1001;0;Rethølen;63,04076004;11,65306664;330762;6994538
123;49;0;1001;0;Stokke limn.;63,19039917;11,15339947;306516;7012603
123;95;0;1001;1;Kobberdammen;63,42259598;10,28154087;264619;7041350
124;2;0;1001;1;Høggås bru;63,49292374;11,35831165;318730;7045669
124;3;0;1001;1;Tangfoss;63,39629745;11,78522301;339425;7033774
124;9;0;1001;1;Øvre Sona bru;63,42441177;11,27118111;313952;7038294
124;10;0;1001;1;Mannseter;63,35170364;11,67250443;333541;7029098
124;11;0;1001;1;Dalå;63,32516479;11,83542347;341540;7025730
124;12;0;1001;1;Hegra bru;63,46176147;11,11559963;306449;7042912
124;13;0;1001;1;Feren;63,56162643;11,94145584;348104;7051798
124;14;0;1001;1;Trøa;63,3882103;11,79549217;339893;7032848
124;15;0;1001;1;Børstad;63,46709061;11,05987263;303711;7043675
124;16;0;1001;0;Meråker (Samløp Funna);63,42704391;11,72158527;336424;7037358
124;16;0;1055;0;Meråker (Samløp Funna);63,42704391;11,72158527;336424;7037358
125;2;0;1001;1;Fossing;63,61081314;11,06167793;304786;7059661
126;1;0;1001;0;Floan bru;63,73136139;11,35390854;320026;7072217
126;2;0;1001;0;Engstad;63,68955612;11,15570068;309970;7068139
126;3;0;1001;1;Floan bru ovf.;63,7314415;11,35403728;320032;7072226
127;6;0;1001;0;Grunnfoss;63,79117966;11,80969334;342841;7077672
127;11;0;1001;1;Veravatn;63,78934097;12,32654285;368281;7076298
127;12;0;1001;1;Innsvatn;63,65647888;12,21072197;361931;7061748
127;13;0;1001;1;Dillfoss;63,76420212;11,76507282;340492;7074780
128;5;0;1001;1;Støafoss;64,01761627;11,71812534;339631;7103107
128;8;0;1001;1;Håkkadalbrua;64,02018738;11,50384331;329184;7103951
128;9;0;1001;0;Leksdalsvatn;63,90428162;11,56110668;331283;7090897
128;9;0;1001;2;Leksdalsvatn;63,90428162;11,56110668;331283;7090897
128;10;0;1001;1;Navlusfoss;64,24237823;12,43396759;375604;7126533
128;12;0;1001;1;Holobekken;63,82976151;11,64611912;335015;7082380
129;2;0;1001;1;Djuphølen;64,03846741;11,11689377;310420;7107080
131;1;0;1001;0;Oppgrande bru;63,81876373;10,9805479;302227;7083048
131;2;0;1001;1;Store Grønsjø;63,76617432;10,65073109;285618;7078263
132;4;0;1001;0;Storvatn - Svartelva;63,6415062;10,18675995;261732;7066042
132;5;0;1001;1;Storvatn-Svartelva ndf.;63,64293289;10,17405891;261117;7066248
133;2;0;1001;0;Rødsjø;63,78526688;10,23938656;265528;7081832
133;7;0;1001;0;Krinsvatn (Kringsvatnet);63,80408859;10,2319088;265316;7083953
134;3;0;1001;1;Teksdal;63,84913635;9,890685081;248950;7090260
135;1;0;1001;1;Stordalsvatn;63,97133636;10,29512596;269798;7102320
135;2;0;1001;1;Storvatn-Skjærva;63,92978668;10,35052395;272167;7097500
138;1;0;1001;1;Øyungen;64,24378204;11,08168697;310110;7130031
138;2;0;1001;1;Bergsenget;64,3442688;11,53043079;332451;7139952
139;3;0;1001;0;Formofoss;64,3993454;12,34681702;372111;7144187
139;5;0;1001;1;Namsvatn;64,99005127;13,58135605;433081;7208097
139;6;0;1001;1;Namsvatn ndf.;65,02558136;13,5323801;430863;7212108
139;10;0;1001;1;Tunnsjø ndf.;64,68537903;13,21050644;414631;7174597
139;13;0;1001;1;Grongstadvatn;64,5629425;12,19390965;365550;7162721
139;15;0;1001;1;Bjørnstad;65,01779175;13,25836372;417933;7211568
139;16;0;1001;0;Trangen;64,42961121;12,47935867;378631;7147297
139;17;0;1001;0;Bertnem;64,46806335;12,05867672;358584;7152450
139;19;0;1001;1;Iskvernfoss;64,56212616;12,59682655;384844;7161837
139;20;0;1001;1;Moen;64,92564392;13,07912159;409177;7201547
139;21;0;1001;1;Byastrupen;64,60487366;12,54320431;382460;7166697
139;24;0;1001;1;Laksjø;64,44164276;13,62329102;433731;7146947
139;25;0;1001;1;Skjellbreivatn;64,48851013;13,40965843;423580;7152409
139;26;0;1001;1;Embrethølen;64,38756561;12,44004631;376550;7142690
139;30;0;1001;1;Ingahølen;64,65293884;12,11708832;362327;7172907
139;32;0;1001;1;Tørrisdal;64,53289032;12,44634628;377505;7158863
139;34;0;1001;0;Fiskumfoss øvre;64,55784607;12,47876644;379170;7161580
139;34;0;1055;1;Fiskumfoss øvre;64,55784607;12,47876644;379170;7161580
139;35;0;1001;0;Trangen;64,4304657;12,4816494;378745;7147388
140;1;0;1001;0;Salsvatn;64,69769287;11,45427418;330977;7179494
140;2;0;1001;0;Salsvatn;64,70537567;11,45436192;331029;7180349
142;1;0;1001;1;Første Aunvatn;64,88863373;12,47703457;380555;7198425
144;1;0;1001;1;Åbjørvatn;65,03851318;12,66979408;390293;7214770
144;2;0;1001;1;Øvre Kalvvatn;65,15290833;13,00263596;406362;7226977
144;3;0;1001;1;Hårstadfoss;65,04439545;12,50301647;382470;7215725
148;2;0;1001;1;Mevatnet;65,36553192;12,53804874;385514;7251430
148;3;0;1001;1;Svanvatn;65,40714264;12,57546329;387432;7255997
149;1;0;1001;1;Møllehusfoss;65,60201263;12,82590103;399806;7277281
150;1;0;1001;1;Sørra;65,97855377;12,56823444;389560;7319661
150;2;0;1001;0;Tormodsvoll;65,9407959;12,50363636;386460;7315570
150;3;0;1001;0;Tormodsvoll;65,94004822;12,4989357;386243;7315495
151;3;0;1001;1;Hundålvatn;65,80937958;12,92512703;405140;7300230
151;7;0;1001;1;Kapskarmo;65,40718079;13,38440323;424982;7254797
151;9;0;1001;1;Unkervatn;65,50710297;14,2170763;463782;7265197
151;10;0;1001;1;Elsvatn;65,57421112;14,18146515;462232;7272697
151;11;0;1001;1;Lavvatn;65,77320099;12,98289776;407651;7296113
151;12;0;1001;1;Østre Fiskelausvatn;65,64469147;13,90351582;449545;7280747
151;13;0;1001;1;Øvre Glugvatn;65,67101288;13,55427456;433544;7284005
151;14;0;1001;1;Haustreis;65,62673187;13,4391861;428132;7279197
151;15;0;1001;1;Nervoll;65,43756866;13,9860363;452970;7257601
151;16;0;1001;1;Eiteråfoss;65,64104462;13,14708519;414732;7281157
151;17;0;1001;1;Fiplingvatn;65,38322449;13,62043762;435882;7251867
151;20;0;1001;1;Fosstun;65,50804901;13,39222336;425632;7266027
152;4;0;1001;0;Fustvatn;65,90523529;13,30759335;422910;7310387
153;1;0;1001;1;Storvatn;66,09342194;13,11637783;414832;7331603
155;5;0;1001;1;Lille Målvatn;66,1378479;14,05033398;457132;7335600
155;6;0;1001;1;Sjøfoss;66,06451416;13,82773876;446932;7327597
155;7;0;1001;1;Bleikingen;66,10323334;14,2004118;463857;7331647
155;10;0;1001;1;Hjerpbakk bru;66,08087921;13,85612011;448250;7329397
155;11;0;1001;1;Stemtjern;65,63768005;14,1033783;458730;7279820
155;12;0;1001;0;Sjøfoss;66,06450653;13,82663441;446882;7327597
155;13;0;1001;1;Elvestad;65,67491913;14,22332478;464302;7283897
155;14;0;1001;1;Finnbakken;66,06276703;13,99106407;454322;7327274
155;27;0;1001;1;Lendingosen (Varnvatnet);65,79283142;14,2204752;464334;7297040
156;3;0;1001;0;Store Akersvatn;66,20290375;14,31220341;469032;7342697
156;4;0;1001;1;Nevernes;66,37877655;14,56973553;480762;7362197
156;7;0;1001;0;Jordbru;66,28117371;14,72958279;487862;7351277
156;8;0;1001;1;Svartisdal;66,48088837;14,22482681;465482;7373727
156;9;0;1001;1;Krokstrand;66,50030518;14,98835754;499482;7375677
156;10;0;1001;1;Berget;66,45671844;13,87847614;450012;7371267
156;13;0;1001;1;Bjørnfoss;66,47236633;14,31601429;469532;7372730
156;14;0;1001;1;Tverrvatn;66,25418091;14,54404259;479512;7348317
156;15;0;1001;1;Forsbakk;66,29299164;13,81260967;446730;7353074
156;17;0;1001;1;Virvatn;66,30789948;15,36111832;516192;7354277
156;18;0;1001;1;Blerek;66,34749603;15,09966946;504462;7358647
156;19;0;1001;1;Bredek;66,51927185;14,88023376;494675;7377797
156;20;0;1001;1;Nylaenget;66,51411438;14,97193718;498752;7377217
156;21;0;1001;1;Lille Umvatn;66,15975189;14,96523476;498432;7337717
156;22;0;1001;1;Ramnåga;66,42222595;13,96404743;453762;7367357
156;23;0;1001;0;Søndre Bjøllåvatn;66,72475433;15,0279398;501232;7400697
156;24;0;1001;1;Bogvatn;66,63243866;14,49461555;477632;7390497
156;26;0;1001;1;Høgtuvbreen;66,45972443;13,68871403;441562;7371767
156;27;0;1001;1;Leiråga;66,44085693;13,85676384;449012;7369517
156;33;0;1001;1;Ranosen;66,3250885;14,16334534;462512;7356397
156;49;0;1001;1;Reinfossen ndf.;66,34755707;14,33907223;470412;7358807
157;3;0;1001;1;Vassvatn;66,3926239;13,18076897;418712;7364857
157;4;0;1001;1;Flostrand;66,33747101;13,36809063;426920;7358480
157;5;0;1001;1;Silavatn;66,34482574;13,15272903;417302;7359567
159;3;0;1001;1;Engabrevatn;66,70259094;13,7468977;444698;7398782
159;4;0;1001;1;Koppskjærelv;66,72735596;13,58307934;437532;7401697
159;5;0;1001;1;Strømdalen;66,62797546;13,41704082;429932;7390797
159;6;0;1001;1;Heimervatn;66,507164;13,36175537;427132;7377397
159;12;0;1001;1;Engabreelv;66,6913681;13,75442123;445005;7397524
159;13;0;1001;1;Engabreen kammer;66,67566681;13,79358196;446700;7395740
159;37;0;1001;1;Nye Heimervatn;66,50695038;13,36487198;427270;7377370
160;2;0;1001;1;Fykanvatn;66,79290771;14,00008011;456032;7408647
160;5;0;1001;1;Storglåmvatn ndf.;66,76654053;14,17154217;463532;7405597
160;6;0;1001;2;Navnløsvatn;66,77897644;14,14839268;462532;7406997
160;7;0;1001;1;Skauvoll;66,98046875;14,08406067;460032;7429497
160;8;0;1001;1;Spilderdalsvatn;66,87482452;13,84270096;449282;7417897
160;14;0;1001;0;Navnløsvatn;66,77947235;14,15276337;462725;7407050
161;2;0;1001;0;Selfoss;67,00122833;14,69438076;486675;7431550
161;3;0;1001;1;Arstadfossen;67,01565552;14,54633617;480232;7433197
161;6;0;1001;1;Staupåga;66,75414276;14,56491566;480838;7404040
161;7;0;1001;1;Tollåga;66,89692688;14,85456753;493632;7419897
161;9;0;1001;1;Gråtåga;66,87151337;14,64923096;484625;7417100
161;11;0;1001;1;Klipa;66,89481354;14,7452879;488846;7419677
161;18;0;1001;0;Selfors bru;66,99697876;14,69844818;486850;7431075
161;45;0;1001;0;Nye Klipa;66,89457703;14,74752808;488944;7419650
161;50;0;1001;1;Govddesåga;66,92300415;14,44405365;475683;7422905
162;2;0;1001;0;Skarsvatn;67,08402252;14,9823246;499232;7440747
162;3;0;1001;0;Skarsvatn;67,08398438;14,98147392;499195;7440743
162;4;0;1001;0;Valnesvatn;67,16106415;14,43319988;475450;7449447
162;8;0;1001;0;Valnesvatn;67,16997528;14,45587921;476441;7450432
163;5;0;1001;1;Junkerdalselv;66,81479645;15,4106884;518043;7410794
163;6;0;1001;1;Jordbrufjell;66,93560028;15,14655399;506407;7424209
163;7;0;1001;1;Kjemåvatn;66,76916504;15,4087677;517992;7405707
163;8;0;1001;1;Lønselv;66,74107361;15,47729111;521032;7402597
163;9;0;1001;1;Russånes;66,91909027;15,32075214;514032;7422397
163;10;0;1001;1;Sauelv;66,9629364;15,37399864;516332;7427297
163;18;0;1001;1;Lillevatn;67,09810638;15,48818302;521200;7442400
164;5;0;1001;1;Fjell;67,1713028;15,79529762;534432;7450697
164;9;0;1001;1;Daja;67,09883118;16,06928062;546432;7442797
164;11;0;1001;1;Nedrevatn ndf.;67,26273346;15,80991554;534932;7460897
164;19;0;1001;1;Kjølvikelv;67,25722504;15,63819122;527532;7460197
165;4;0;1001;2;Vatnevatn;67,33681488;14,76701355;489982;7468947
165;6;0;1001;1;Strandå;67,53924561;14,87669659;494743;7491501
165;7;0;1001;0;Heggmoelv;67,36071777;14,88434505;495032;7471597
165;8;0;1001;0;Heggmoelv;67,3580246;14,88668633;495132;7471297
166;1;0;1001;1;Lakshola;67,45069122;15,76215744;532615;7481824
166;3;0;1001;1;Andkilvatn;67,39510345;15,70249176;530132;7475597
166;4;0;1001;1;Øvrevatn;67,35293579;15,70358086;530232;7470897
166;5;0;1001;1;Sisovatn;67,33699799;15,84731483;536432;7469197
166;7;0;1001;1;Løytavatn;67,37979889;15,89543343;538432;7473997
166;12;0;1001;0;Vallvatn ndf.;67,34188843;15,54507065;523432;7469597
166;13;0;1001;0;Vallvatn;67,34408569;15,53597832;523039;7469838
166;26;0;1001;1;Klipforsen, Storskogelva;67,4489212;15,78792191;533720;7481640
167;2;0;1001;1;Sørfjordvatn;67,56950378;15,9002552;538332;7495147
167;3;0;1001;1;Kobbvatn;67,62386322;15,98928928;542026;7501265
167;4;0;1001;1;Sjøfossen;67,57257843;15,73359394;531232;7495397
167;5;0;1001;1;Fossvatn;67,60460663;16,22385406;552032;7499296
167;6;0;1001;1;Veikvatn;67,5976944;16,05888176;545032;7498397
167;7;0;1001;1;Gjerdalsvatn;67,68305206;16,10520363;546832;7507946
168;1;0;1001;1;Storvatn;67,84658813;15,50397968;521208;7525847
168;2;0;1001;1;Mørsvik bru;67,7157135;15,87357044;536966;7511430
170;2;0;1001;0;Sagelv;67,90653992;15,8608551;536132;7532696
170;5;0;1001;1;Kaldvågvatn;68,05871582;15,8298521;534603;7549643
170;6;0;1001;1;Forsanvatn;67,93609619;15,68064022;528532;7535897
170;8;0;1001;1;Kaldvågvatn ndf.;68,05808258;15,83110046;534656;7549573
171;2;0;1001;1;Fordalsvatn;67,86517334;16,46972466;561794;7528567
171;3;0;1001;1;Vasja;67,86593628;16,30415916;554832;7528496
171;4;0;1001;1;Stabburselv;67,81209564;16,51475716;563832;7522696
171;5;0;1001;1;Draugselv;67,80268097;16,51414871;563832;7521646
171;7;0;1001;1;Ravggajokka;67,77952576;16,47930336;562425;7519030
171;9;0;1001;0;Øvre Sørfjordvatn;68,05574036;16,64824677;568732;7549996
172;1;0;1001;1;Forsavatn;68,27388763;16,63491631;567532;7574296
172;5;0;1001;1;Melkedal (Litlevatn);68,25494385;16,71439552;570873;7572274
172;7;0;1001;1;Leirpoldvatn;68,28318024;16,42873955;558993;7575120
172;8;0;1001;1;Rauvatn;68,20586395;16,88332939;578022;7567007
172;11;0;1001;1;Børselv Øvre;68,31032562;16,73856735;571698;7578474
173;3;0;1001;1;Sørelv bru;68,16733551;17,5438118;605550;7563696
173;8;0;1001;1;Coarveij;68,01673126;17,8962822;620954;7547565
173;21;0;1001;0;Gamnes;68,19406891;17,55599976;605932;7566696
173;22;0;1001;0;Gamnes;68,1940918;17,55452919;605871;7566696
174;3;0;1001;1;Øvstevatn (Litlevatnet);68,34785461;17,48968887;602493;7583718
174;8;0;1001;1;Sildvikvatn;68,37418365;17,85121918;617232;7587296
174;11;0;1001;1;Taraldsvikelv;68,43661499;17,48148537;601757;7593594
175;2;0;1001;1;Niingen ndf.;68,53662872;17,0290966;582845;7604061
175;3;0;1001;1;Langvatn;68,55562592;16,8073597;573732;7605896
176;1;0;1001;1;Myklebostad;68,42889404;16,35598564;555632;7591296
177;3;0;1001;1;Storvatn ndf.;68,62461853;16,40594292;557183;7613160
177;4;0;1001;1;Sneisvatn;68,40743256;15,70544243;528971;7588456
178;1;0;1001;1;Langvatn;68,61923981;15,71248531;528987;7612074
179;1;0;1001;1;Svolværvatn;68,24586487;14,54139805;481032;7570347
179;4;0;1001;1;Store Kongsvatn ndf.;68,23674774;14,49082661;478932;7569347
179;6;0;1001;1;Jordelv;68,24137878;14,33103275;472326;7569926
180;1;0;1001;1;Grønlivatn;68,2036438;13,73678303;447659;7566105
180;2;0;1001;1;Reppvatn;68,18873596;13,61996078;442782;7564547
185;1;0;1001;1;Gåslandsvatn;68,67282867;14,62927341;484953;7617927
186;1;0;1001;1;Åelv;69,04586029;15,82267857;532833;7659696
186;2;0;1001;0;Ånesvatn;69,06020355;15,73422909;529284;7661250
189;1;0;1001;0;Skodbergvatn;68,6202774;17,25029564;591532;7613696
189;2;0;1001;1;Øyvatn;68,6223526;16,77584648;572232;7613296
189;3;0;1001;1;Tennevikvatn;68,64489746;16,72234535;569986;7615747
189;4;0;1001;0;Skodbergvatn ndf.;68,62747192;17,25952911;591878;7614512
190;1;0;1001;1;Tjuvskjer;68,72122192;17,4136467;597732;7625196
190;2;0;1001;1;Storfossen;68,65135193;17,70337868;609800;7617900
191;1;0;1001;0;Vassås;68,87443542;17,91847229;617350;7643150
191;2;0;1001;0;Øvrevatn;68,85762024;17,94107437;618348;7641320
193;2;0;1001;1;Skøvatn ndf.;69,04866028;17,94038391;617300;7662600
194;1;0;1001;1;Lysevatn;69,41201782;17,86190033;612279;7702931
194;4;0;1001;1;Mevatn;69,23091888;17,7834568;610121;7682613
196;3;0;1001;0;Malangsfoss;69,03510284;18,66408157;646234;7662645
196;7;0;1001;1;Ytre Fiskeløsvatn;69,2629776;18,88206673;653316;7688545
196;8;0;1001;1;Setermoen;68,86520386;18,35124969;634794;7643010
196;10;0;1001;1;Strømsmo;68,76334381;18,57874489;644597;7632185
196;11;0;1001;1;Lille Rostavatn;69,02297974;19,58108139;682880;7663756
196;12;0;1001;1;Lundberg;68,72235107;18,54941559;643677;7627552
196;13;0;1001;1;Bardujord;68,81144714;18,55365562;643274;7637482
196;18;0;1001;1;Grønli;68,8677597;19,55336189;683059;7646406
196;21;0;1001;1;Skogly;68,88948822;19,54104233;682385;7648786
196;26;0;1001;1;Høgskarhus;68,84437561;19,57820511;684250;7643879
196;35;0;1001;0;Målselvfossen;69,03492737;18,65833664;646006;7662611
196;36;0;1001;0;Fosshaug;68,82919312;18,43066025;638210;7639177
197;4;0;1001;1;Storelv;69,68335724;18,79686737;647046;7735134
197;8;0;1001;0;Ersfjord;69,68637085;18,6076889;639707;7735025
197;10;0;1001;0;Ersfjordelva;69,68038177;18,59930038;639422;7734340
200;3;0;1001;0;Skogsfjordvatn;69,98994446;19,08481026;655896;7769976
200;4;0;1001;0;Skogsfjordvatn;69,98092651;19,10412407;656700;7769022
203;1;0;1001;0;Jægervatn;69,73020935;19,85534477;687558;7743248
203;2;0;1001;0;Jægervatn;69,73168182;19,86212158;687806;7743432
203;3;0;1001;1;Stordalselv;69,43650055;19,55715561;678499;7709686
203;4;0;1001;1;Skogneselv;69,48953247;19,62815094;680828;7715793
204;1;0;1001;1;Solli;69,20270538;19,97903061;697112;7684978
204;7;0;1001;1;Gåv'dajav'ri;69,19883728;20,27836037;708974;7685540
205;1;0;1001;1;Helligskogen;69,20723724;20,68814087;725073;7687926
205;2;0;1001;1;Gardebor;69,16966248;20,74550056;727729;7683963
205;3;0;1001;1;Skibotn bru;69,36506653;20,2737484;707197;7704001
205;4;0;1001;1;Rieppejokka;69,24828339;20,5889225;720739;7692125
205;5;0;1001;1;Lavkajokka;69,25844574;20,57102013;719930;7693190
205;6;0;1001;1;Didnojokka;69,17903137;20,77846527;728934;7685127
205;8;0;1001;1;Helligskogen;69,2317276;20,65708733;723595;7690533
206;2;0;1001;1;Holm bru;69,47787476;20,88022995;729757;7718702
206;3;0;1001;2;Manndalen bru;69,52388763;20,52561951;715471;7722523
207;1;0;1001;1;Fagertun;70,07662964;20,48975372;708536;7783820
208;2;0;1001;1;Oksfjordvatn;69,90021515;21,37681007;744188;7767523
208;3;0;1001;1;Svartfossberget;69,52854156;21,38166046;748701;7726291
209;1;0;1001;0;Njemenjaikafoss;69,71370697;22,12760925;775258;7750032
209;3;0;1001;2;Kvænangselv bru;69,73335266;22,14109993;775521;7752271
209;4;0;1001;1;Lillefossen;69,78562927;21,91785049;766280;7757075
210;1;0;1001;1;Øvrefoss;69,92118073;22,07977295;770736;7772819
211;1;0;1001;1;Langfjordhamn;70,13096619;21,84746933;759260;7795070
211;2;0;1001;1;Andrevatn;70,12659454;21,84752846;759317;7794585
211;3;0;1001;1;Tredjevatn;70,11531067;21,83618546;759030;7793285
212;1;0;1001;0;Halsnes;70,02642059;22,9432106;802074;7788538
212;2;0;1001;1;Stengelsen;69,87441254;23,29468727;817673;7773506
212;4;0;1001;2;Tverelv;69,95937347;23,40081596;820412;7783459
212;7;0;1001;1;Lille Mattisvatn;69,89417267;23,01636124;806779;7774266
212;9;0;1001;1;Harestrømmen;69,74000549;23,77728271;838200;7761241
212;10;0;1001;1;Masi;69,42004395;23,63503647;837785;7725086
212;11;0;1001;1;Kista;69,82630157;23,51680565;826880;7769359
212;11;0;1001;3;Kista;69,82630157;23,51680565;826880;7769359
212;12;0;1001;0;Sagafoss;69,95549774;23,4087429;820772;7783072
212;13;0;1001;1;Kautokeino;69,01854706;23,06599617;821529;7677606
212;16;0;1001;1;Eiby;69,83695221;23,18903351;814208;7768814
212;26;0;1001;1;Suohpatjohka;68,95555115;23,08892822;823363;7670754
212;27;0;1001;1;Eibyelva v/Hammeren;69,79905701;23,24104881;816763;7764890
212;48;0;1001;0;Sagafoss;69,95549774;23,4087429;820772;7783072
212;49;0;1001;0;Halsnes;70,02643585;22,94163704;802014;7788532
213;2;0;1001;1;Leirbotnvatn;70,10667419;23,55344009;823898;7800555
213;3;0;1001;1;Skaidi;70,43174744;24,52372742;854728;7841879
213;4;0;1001;1;Kvalsund;70,48683929;23,95331192;832718;7844730
220;1;0;1001;1;Hamnevatn;70,86380005;24,92896843;861842;7891917
221;1;0;1001;1;Magerøy;71,08372498;25,41619492;875240;7919109
223;2;0;1001;0;Lombola;70,13985443;24,76062775;868698;7811095
224;1;0;1001;1;Skoganvarre;69,83699036;25,08542061;886448;7779725
228;1;0;1001;1;Mattusjavri;70,36862946;26,45193863;927186;7847357
228;2;0;1001;1;Kunes;70,32931519;26,40795135;926383;7842731
230;1;0;1001;1;Nordmannset;70,87923431;27,50948715;954469;7911030
234;1;0;1001;0;Polmak;70,07261658;28,05739784;993372;7827107
234;2;0;1001;1;Jiesjokka;69,56561279;24,38817787;864567;7745499
234;4;0;1001;1;Smalfjord;70,41915131;28,04138756;984519;7864846
234;5;0;1001;1;Njalmigoaika;69,41931915;25,15832329;896949;7734170
234;6;0;1001;0;Vækkava;69,42719269;24,94519997;888543;7733667
234;13;0;1001;0;Veahkkava, Iesjokka;69,4263916;24,93833733;888291;7733535
234;14;0;1001;0;Cærrogæsjokka;69,39002991;24,474226;870914;7726639
234;18;0;1001;0;Polmak nye;70,07034302;28,01600838;991883;7826523
236;1;0;1001;1;Kongsfjordfoss;70,61781311;29,12943077;1019191;7895538
237;1;0;1001;1;Båtsfjord;70,56360626;29,71187782;1041686;7894752
237;2;0;1001;1;Lillefossen;70,60308075;29,67052269;1039131;7898671
241;1;0;1001;1;Bergeby;70,15844727;28,88694382;1022078;7843416
241;2;0;1001;1;Vesterelvfossen;70,11399078;28,51478004;1009388;7835404
244;1;0;1001;0;Neset;69,69470215;29,36844826;1052030;7797170
244;2;0;1001;0;Neiden;69,70071411;29,32130814;1050092;7797397
244;5;0;1001;1;Kjerringvatn;69,91005707;28,83403778;1026386;7815885
246;1;0;1001;1;Bjørnvatn;69,51902008;30,11146545;1084905;7785019
246;4;0;1001;1;Lille Ropelvvatn;69,76059723;30,1882534;1081152;7811975
246;6;0;1001;1;Ellenelv;69,21335602;29,15281487;1056257;7742793
246;8;0;1001;0;Vaggatem;69,21239471;29,13629913;1055643;7742538
246;9;0;1001;0;Sametielv;69,40015411;29,71704483;1073079;7768353
246;12;0;1001;1;Skogfoss kraftverk;69,3728714;29,69390488;1072921;7765169
246;12;0;1055;1;Skogfoss kraftverk;69,3728714;29,69390488;1072921;7765169
247;1;0;1001;0;Karpelv;69,66152954;30,38418007;1091282;7803120
247;3;0;1001;0;Karpelva;69,65991211;30,38412094;1091325;7802944
303;2;0;1001;1;Kobvatn;68,14698029;17,10626793;587479;7560744
307;3;0;1001;1;Limingen;64,69450378;13,74887085;440331;7174997
307;5;0;1001;1;Murusjø;64,48670197;14,0156498;452694;7151617
307;7;0;1001;1;Landbru;64,88673401;13,91636276;448685;7196271
307;11;0;1001;1;Røyrvikelv;64,88581085;13,56679535;432131;7196497
307;12;0;1001;1;Huddingsvatn;64,87887573;13,81671047;443950;7195480
307;13;0;1001;1;Huddingselv;64,89068604;13,63368797;435310;7196970
307;14;0;1001;1;Saksvatn;64,91815948;13,48048496;428131;7200197
308;1;0;1001;1;Lenglingen;64,24487305;13,76030636;439898;7124887
311;4;0;1001;1;Femundsenden (Femunden);61,91996002;11,94004345;339350;6869050
311;6;0;1001;0;Nybergsund;61,25907898;12,32249641;356394;6794588
311;9;0;1001;0;Nybergsund;61,26176071;12,31734276;356130;6794898
311;10;0;1001;0;Galten;61,89131546;11,75379658;329418;6866337
311;11;0;1001;1;Isteren;61,93432617;11,8253479;333410;6870938
311;12;0;1001;1;Ørbak;61,29605484;12,27930641;354250;6798800
311;16;0;1001;0;Galten;61,89448929;11,75217915;329351;6866694
311;21;0;1001;1;Lutufallet kraftstasjon;61,06554794;12,58235931;369530;6772498
311;21;0;1055;1;Lutufallet kraftstasjon;61,06554794;12,58235931;369530;6772498
311;460;0;1001;0;Engeren;61,66487885;12,01834774;342156;6840464
313;4;0;1001;1;Bolfoss bru;59,92583466;11,85409164;324180;6647330
313;8;0;1001;0;Holmen bru;60,09623718;12,32040501;351000;6665150
313;10;0;1001;0;Magnor;59,95463943;12,18728542;342930;6649698
314;4;0;1001;0;Trosterud;59,65711975;11,8569603;322921;6617420
400;1;0;1001;0;Bayelva;78,93442535;11,83746719;432270;8764490
400;3;0;1001;1;Tvillingvatnet;78,91577148;11,87538624;432970;8762368
400;4;0;1001;1;Londonelva;78,96813202;12,05900383;437200;8768000
400;5;0;1001;0;De Geerdalen;78,33517456;16,2864933;529035;8696095
400;6;0;1001;1;Steintippdalen;78,21444702;15,69011402;515735;8682395
400;7;0;1001;1;Endalselva;78,1997757;15,81630993;518635;8680795
2;17;0;1001;0;Blaker;60,00405121;11,29932308;293682;6657636
12;534;0;1001;1;Mjøndalen bru;59,75292206;10,007267;219618;6634458
21;17;0;1001;1;Bjørgåni;59,1090126;7,564114094;74710;6575924
112;1;0;1001;1;Fugleåsbekken;63,03013992;8,880395889;190693;7003689
176;2;0;1001;1;Spannbogvatn;68,49089813;16,40419388;557452;7598252
190;4;0;1001;1;Foldvikvatn ndf;68,68322754;17,31601715;593940;7620810
190;6;0;1001;1;Keipen;68,69618225;17,24167252;590873;7622142
190;7;0;1001;1;Dudalselv;68,6822052;17,4350872;598772;7620883
2;412;0;1001;0;Funnefoss kraftverk;60,16693115;11,52972984;307472;6675062
6;10;0;1001;1;Gryta;59,98722839;10,80065823;265785;6657426
6;71;0;1001;1;Sinnerdammen;60,17264938;10,49514389;250170;6679166
8;6;0;1001;1;Sæternbekken;59,94379425;10,56634808;252405;6653449
122;9;0;1001;1;Gaulfoss;63,10847855;10,22901821;259399;7006617
168;3;0;1001;1;Lakså bru;67,79663086;15,29607773;512486;7520221
